event,animal_id,regions,mean_latitude,mean_longitude,first_detection,last_detection,num_detections,first_station,last_station,res_time_sec,species,species_mat,length,start_region,tag_model,release_location,sex,arrive_basin,previous_basin,previous_station,previous_depart,date_detect,n_region,no_cross,trim_cross
26,55285,Gut,44.75923,-73.30242,7/1/2016 0:29,7/1/2016 5:48,13,Gut,Gut,19179,WAL,WAL,0.71,Missisquoi Bay,V13,Swanton Dam,F,Gut,Northeast_Arm,Hog Island,6/15/2016 0:58,7/1/2016,2,0,1
27,55285,Main_Lake,44.82551416,-73.36322549,7/15/2016 5:02,10/9/2016 22:54,1358,Point Au Roche,Gordon,7494748,WAL,WAL,0.71,Missisquoi Bay,V13,Swanton Dam,F,Main_Lake,Gut,Gut,7/1/2016 5:48,7/15/2016,2,0,1
28,55285,Northeast_Arm,44.9199787,-73.23286666,10/10/2016 9:35,6/20/2017 13:54,970,Carry Bay,Hog Island,21874765,WAL,WAL,0.71,Missisquoi Bay,V13,Swanton Dam,F,Northeast_Arm,Main_Lake,Gordon,10/9/2016 22:54,10/10/2016,2,0,1
9999,55285,Gut,44.75923,-73.30242,7/22/2017 9:52,7/22/2017 9:52,0,Gut,Gut,0,WAL,WAL,0.71,Missisquoi Bay,V13,Swanton Dam,F,Gut,Northeast_Arm,Hog Island,6/20/2017 13:54,7/22/2017,2,0,1
29,55285,Main_Lake,44.52359211,-73.29732513,8/23/2017 5:51,10/7/2017 10:13,13617,Gordon,Gordon,3903706,WAL,WAL,0.71,Missisquoi Bay,V13,Swanton Dam,F,Main_Lake,Gut,Gut,6/20/2017 13:54,8/23/2017,2,0,1
30,55285,Northeast_Arm,44.92037248,-73.23151442,10/11/2017 2:39,6/29/2018 8:59,660,Carry Bay,Hog Island,22573212,WAL,WAL,0.71,Missisquoi Bay,V13,Swanton Dam,F,Northeast_Arm,Main_Lake,Gordon,10/7/2017 10:13,10/11/2017,2,0,1
99999,55285,Gut,44.75923,-73.30242,7/16/2018 7:31,7/16/2018 7:31,0,Gut,Gut,0,WAL,WAL,0.71,Missisquoi Bay,V13,Swanton Dam,F,Gut,Northeast_Arm,Hog Island,6/29/2018 8:59,7/16/2018,2,0,1
31,55285,Main_Lake,44.52379276,-73.2994231,8/2/2018 6:03,11/2/2018 0:00,26277,Gordon,DeltaSlope2,7927034,WAL,WAL,0.71,Missisquoi Bay,V13,Swanton Dam,F,Main_Lake,Gut,Gut,7/16/2018 7:31,8/2/2018,2,0,1
32,55285,Northeast_Arm,44.8449,-73.2913,11/7/2018 3:19,6/27/2019 19:07,1510,Carry Bay,Carry Bay,20101647,WAL,WAL,0.71,Missisquoi Bay,V13,Swanton Dam,F,Northeast_Arm,Main_Lake,DeltaSlope2,11/2/2018 0:00,11/7/2018,2,0,1
33,55285,Main_Lake,44.52328023,-73.29837013,7/18/2019 1:17,11/3/2019 10:04,23276,Gordon,Island Line West,9362862,WAL,WAL,0.71,Missisquoi Bay,V13,Swanton Dam,F,Main_Lake,Northeast_Arm,Carry Bay,6/27/2019 19:07,7/18/2019,2,0,1
34,55285,Malletts_Bay,44.60015187,-73.28880467,11/3/2019 11:29,11/9/2019 5:18,214,Island Line East,Island Line East,496122,WAL,WAL,0.71,Missisquoi Bay,V13,Swanton Dam,F,Malletts_Bay,Main_Lake,Island Line West,11/3/2019 10:04,11/3/2019,2,0,1
35,55285,Main_Lake,44.61533529,-73.32963824,11/9/2019 5:36,11/9/2019 22:03,34,Island Line West,Gordon,59199,WAL,WAL,0.71,Missisquoi Bay,V13,Swanton Dam,F,Main_Lake,Malletts_Bay,Island Line East,11/9/2019 5:18,11/9/2019,2,0,1
36,55285,Northeast_Arm,44.8449,-73.2913,11/10/2019 10:17,11/10/2019 13:27,40,Carry Bay,Carry Bay,11414,WAL,WAL,0.71,Missisquoi Bay,V13,Swanton Dam,F,Northeast_Arm,Main_Lake,Gordon,11/9/2019 22:03,11/10/2019,2,0,1
