animal_id,transmitter_id,species,remove,date_rm,station_rm
660,660,LKS,no,,
661,661,LKS,no,,
662,662,LKS,no,,
663,663,LKS,no,,
664,664,LKS,no,,
43107D3A5D,9642,LKS,no,,
4311361E65,9643,LKS,no,,
43115F2D3A,9644,LKS,no,,
4311437362,9645,LKS,yes,8/27/2023,WDM-023
4313087350,9646,LKS,no,,
431077622C,9647,LKS,yes,6/24/2023,WDM-023
431150014D,9648,LKS,no,,
431158145D,9649,LKS,all,10/22/2023,MSN-014
10241,10241,LKS,no,,
10243,10243,LKS,no,,
10244,10244,LKS,no,,
10246,10246,LKS,no,,
10249,10249,LKS,no,,
10250,10250,LKS,no,,
10251,10251,LKS,no,,
10252,10252,LKS,no,,
10253,10253,LKS,no,,
10254,10254,LKS,no,,
10255,10255,LKS,no,,
10256,10256,LKS,no,,
10257,10257,LKS,no,,
10259,10259,LKS,no,,
14721,14721,LKT,no,,
14729,14729,LKT,all,10/28/2021,UVM-005
14731,14731,LKT,all,7/6/2021,UVM-005
14733,14733,LKT,no,,
14735,14735,LKT,no,,
14737,14737,LKT,no,,
14739,14739,LKT,no,,
14741,14741,LKT,no,,
14743,14743,LKT,no,,
14745,14745,LKT,yes,9/10/2021,UVM-021
14747,14747,LKT,no,,
14879,14879,LKT,no,,
14881,14881,LKT,no,,
14883,14883,LKT,no,,
14885,14885,LKT,no,,
14887,14887,LKT,no,,
14889,14889,LKT,no,,
14891,14891,LKT,no,,
14893,14893,LKT,no,,
14895,14895,LKT,no,,
14897,14897,LKT,no,,
14899,14899,LKT,no,,
14901,14901,LKT,no,,
14903,14903,LKT,no,,
14905,14905,LKT,no,,
14907,14907,LKT,no,,
14909,14909,LKT,no,,
14911,14911,LKT,no,,
14913,14913,LKT,no,,
14915,14915,LKT,no,,
14917,14917,LKT,no,,
14919,14919,LKT,no,,
14921,14921,LKT,no,,
14923,14923,LKT,no,,
14925,14925,LKT,no,,
14927,14927,LKT,no,,
14929,14929,LKT,no,,
14931,14931,LKT,no,,
14933,14933,LKT,no,,
14935,14935,LKT,no,,
14937,14937,LKT,no,,
431162312C,18290,LKS,no,,
43115B3952,18291,LKS,no,,
4311012779,18293,LKS,no,,
4311461300,18294,LKS,no,,
4311575638,18295,LKS,no,,
4311215A15,18296,LKS,no,,
4311686038,18297,LKS,no,,
4226250016,18298,LKS,no,,
4311142000,18299,LKS,no,,
4311725B48,21212,LKS,no,,
435B264A30,21213,LKS,no,,
43115D3E34,21214,LKS,no,,
4311190B1D,21215,LKS,no,,
4311260C43,21216,LKS,no,,
43113A7721,21217,LKS,no,,
434D7D6251,21218,LKS,no,,
4313085110,21219,LKS,no,,
435001535A,21220,LKS,no,,
4313087350,21221,LKS,no,,
43127F5748,22144,LKS,no,,
431111530B,22145,LKS,no,,
43112D220C,22146,LKS,no,,
4312743A69,22147,LKS,no,,
43113F4D36,22148,LKS,no,,
4311496D44,22149,LKS,no,,
43114D5747,22150,LKS,no,,
4311513A75,22151,LKS,no,,
43115C7B60,22152,LKS,no,,
431157752C,22153,LKS,no,,
24320,24320,LKT,no,,
24321,24321,WAL,no,,
24322,24322,LKT,yes,5/11/2015,UVM-001
24323,24323,LKT,no,,
24324,24324,LKT,no,,
24325,24325,LKT,no,,
24326,24326,LKT,no,,
24327,24327,LKT,no,,
24328,24328,LKT,no,,
24329,24329,LKT,no,,
24330,24330,LKT,no,,
24331,24331,LKT,no,,
24332,24332,LKT,no,,
24333,24333,LKT,no,,
24334,24334,LKT,no,,
24335,24335,LKT,yes,10/26/2015,WDS-025
24336,24336,LKT,no,,
24337,24337,LKT,no,,
24338,24338,LKT,no,,
24339,24339,LKT,no,,
24340,24340,LKT,no,,
24341,24341,LKT,no,,
24342,24342,LKT,no,,
24343,24343,LKT,no,,
24344,24344,LKT,no,,
24345,24345,LKT,yes,9/21/2015,WDS-025
24346,24346,LKT,no,,
24347,24347,LKT,yes,11/13/2014,UVM-007
24348,24348,LKT,no,,
24349,24349,LKT,no,,
24350,24350,LKT,yes,11/13/2015,UVM-007
24351,24351,LKT,yes,1/18/2015,UVM-021
24352,24352,LKT,no,,
24354,24354,LKT,no,,
24355,24355,LKT,no,,
24356,24356,LKT,no,,
24359,24359,WAL,no,,
24360,24360,LKT,no,,
24361,24361,LKT,no,,
24362,24362,LKT,no,,
24363,24363,WAL,no,,
24364,24364,WAL,no,,
24365,24365,LKT,no,,
24366,24366,LKT,yes,9/1/2016,ATP-002
24367,24367,LKT,no,,
24370,24370,LKT,no,,
24371,24371,LKT,no,,
24372,24372,LKT,all,11/11/2015,UVM-017
24375,24375,LKT,no,,
24376,24376,LKT,no,,
24378,24378,LKT,yes,12/25/2017,OCN-021
24380,24380,LKT,no,,
24381,24381,LKT,no,,
24383,24383,LKT,no,,
24385,24385,LKT,no,,
24386,24386,LKT,no,,
24387,24387,LKT,no,,
24388,24388,WAL,no,,
24390,24390,LKT,no,,
24391,24391,LKT,no,,
24392,24392,LKT,no,,
24393,24393,LKT,no,,
24394,24394,LKT,no,,
26769,26769,WAL,no,,
26770,26770,LKT,no,,
26771,26771,LKT,no,,
26772,26772,WAL,no,,
26773,26773,LKT,no,,
26774,26774,LKT,no,,
26775,26775,WAL,no,,
26776,26776,LKT,no,,
26777,26777,WAL,no,,
26778,26778,LKT,no,,
26779,26779,WAL,no,,
26780,26780,WAL,all,10/24/2014,UVM-010
26781,26781,WAL,no,,
26782,26782,WAL,no,,
26783,26783,WAL,no,,
26784,26784,LKT,yes,1/14/2014,UVM-003
26785,26785,LKT,no,,
26786,26786,LKT,yes,9/19/2014,UVM-027
26787,26787,LKT,no,,
26788,26788,LKT,no,,
26789,26789,LKT,no,,
26790,26790,LKT,no,,
26791,26791,LKT,no,,
26792,26792,LKT,no,,
26793,26793,LKT,no,,
26794,26794,LKT,no,,
26795,26795,LKT,no,,
26796,26796,LKT,no,,
26797,26797,LKT,no,,
26798,26798,WAL,all,10/24/2014,UVM-010
26799,26799,LKT,no,,
26800,26800,LKT,yes,12/21/2013,UVM-003
26801,26801,LKT,no,,
26801,26801,WAL,no,,
26802,26802,LKT,no,,
26803,26803,LKT,no,,
26804,26804,LKT,no,,
26805,26805,LKT,no,,
26806,26806,LKT,yes,1/15/2014,UVM-008
26807,26807,LKT,no,,
26808,26808,LKT,no,,
55280,55280,WAL,no,,
55281,55281,WAL,no,,
55283,55283,WAL,all,4/29/2016,UVM-025
55284,55284,WAL,all,10/28/2016,UVM-025
55285,55285,WAL,no,,
55286,55286,WAL,no,,
55287,55287,WAL,no,,
55288,55288,WAL,no,,
55289,55289,WAL,no,,
55290,55290,WAL,no,,
59459,59459,LKT,no,,
59460,59460,LKT,no,,
59461,59461,LKT,all,10/25/2019,UVM-026
59462,59462,LKT,no,,
59463,59463,LKT,no,,
59464,59464,LKT,yes,10/28/2020,UVM-040
59465,59465,LKT,no,,
59466,59466,LKT,no,,
59467,59467,LKT,no,,
59468,59468,LKT,no,,
59469,59469,LKT,no,,
59470,59470,LKT,yes,2/13/2020,UVM-017
59471,59471,LKT,no,,
59472,59472,LKT,no,,
59473,59473,LKT,no,,
59474,59474,LKT,no,,
59475,59475,LKT,no,,
59476,59476,LKT,no,,
59477,59477,LKT,no,,
59478,59478,LKT,no,,
59479,59479,LKT,no,,
59480,59480,LKT,no,,
59481,59481,LKT,no,,
59482,59482,LKT,no,,
59483,59483,LKT,no,,
59484,59484,LKT,no,,
59485,59485,LKT,no,,
59486,59486,LKT,no,,
59487,59487,LKT,no,,
59488,59488,LKT,no,,
59489,59489,LKT,no,,
59490,59490,LKT,no,,
59491,59491,LKT,no,,
59492,59492,LKT,no,,
59493,59493,LKT,no,,
59494,59494,LKT,no,,
59495,59495,LKT,no,,
59496,59496,LKT,no,,
59497,59497,LKT,no,,
59498,59498,LKT,no,,
63575,63575,LKT,no,,
63576,63576,LKT,no,,
63577,63577,LKT,no,,
63578,63578,LKT,no,,
63579,63579,LKT,no,,
64964,64964,LKS,no,,
64965,64965,LKS,no,,
64966,64966,LKS,no,,
64967,64967,LKS,no,,
64968,64968,LKS,no,,
64969,64969,LKS,no,,
64970,64970,LKS,no,,
64971,64971,LKS,no,,
64972,64972,LKS,no,,
64973,64973,LKS,no,,
