site,date,zone,mean_temp,mean_salinity,mean_turbidity,scientific_name,species,count,common_name,lat,lon
lower_ross,2026-05-01T00:00:00Z,Downstream,23.79136504946197,28.352806027266535,27.907401230426903,Acanthopagrus spp.,bream,4,bream,-19.26,146.81
lower_ross,2026-05-01T00:00:00Z,Downstream,23.79136504946197,28.352806027266535,27.907401230426903,Lates calcarifer,barramundi,6,barramundi,-19.26,146.81
lower_ross,2026-05-01T00:00:00Z,Downstream,23.79136504946197,28.352806027266535,27.907401230426903,Lutjanus argentimaculatus,mangrove_jack,3,mangrove_jack,-19.26,146.81
lower_ross,2026-05-01T00:00:00Z,Downstream,23.79136504946197,28.352806027266535,27.907401230426903,Platycephalus spp.,flathead,2,flathead,-19.26,146.81
lower_ross,2026-05-02T00:00:00Z,Downstream,23.98099216983851,27.741220418886996,24.097998126577686,Acanthopagrus spp.,bream,3,bream,-19.26,146.81
lower_ross,2026-05-02T00:00:00Z,Downstream,23.98099216983851,27.741220418886996,24.097998126577686,Lates calcarifer,barramundi,1,barramundi,-19.26,146.81
lower_ross,2026-05-02T00:00:00Z,Downstream,23.98099216983851,27.741220418886996,24.097998126577686,Lutjanus argentimaculatus,mangrove_jack,1,mangrove_jack,-19.26,146.81
lower_ross,2026-05-02T00:00:00Z,Downstream,23.98099216983851,27.741220418886996,24.097998126577686,Platycephalus spp.,flathead,3,flathead,-19.26,146.81
lower_ross,2026-05-03T00:00:00Z,Downstream,24.171595896529613,28.058155460002077,20.565288521904638,Acanthopagrus spp.,NA,0,NA,NA,NA
lower_ross,2026-05-03T00:00:00Z,Downstream,24.171595896529613,28.058155460002077,20.565288521904638,Lates calcarifer,NA,0,NA,NA,NA
lower_ross,2026-05-03T00:00:00Z,Downstream,24.171595896529613,28.058155460002077,20.565288521904638,Lutjanus argentimaculatus,mangrove_jack,2,mangrove_jack,-19.26,146.81
lower_ross,2026-05-03T00:00:00Z,Downstream,24.171595896529613,28.058155460002077,20.565288521904638,Platycephalus spp.,flathead,3,flathead,-19.26,146.81
lower_ross,2026-05-04T00:00:00Z,Downstream,24.012069097843682,28.226922740328284,28.3615835707376,Acanthopagrus spp.,bream,4,bream,-19.26,146.81
lower_ross,2026-05-04T00:00:00Z,Downstream,24.012069097843682,28.226922740328284,28.3615835707376,Lates calcarifer,barramundi,1,barramundi,-19.26,146.81
lower_ross,2026-05-04T00:00:00Z,Downstream,24.012069097843682,28.226922740328284,28.3615835707376,Lutjanus argentimaculatus,mangrove_jack,8,mangrove_jack,-19.26,146.81
lower_ross,2026-05-04T00:00:00Z,Downstream,24.012069097843682,28.226922740328284,28.3615835707376,Platycephalus spp.,flathead,1,flathead,-19.26,146.81
lower_ross,2026-05-05T00:00:00Z,Downstream,23.895427491354866,27.642294803984715,26.73580277028684,Acanthopagrus spp.,bream,1,bream,-19.26,146.81
lower_ross,2026-05-05T00:00:00Z,Downstream,23.895427491354866,27.642294803984715,26.73580277028684,Lates calcarifer,barramundi,1,barramundi,-19.26,146.81
lower_ross,2026-05-05T00:00:00Z,Downstream,23.895427491354866,27.642294803984715,26.73580277028684,Lutjanus argentimaculatus,mangrove_jack,2,mangrove_jack,-19.26,146.81
lower_ross,2026-05-05T00:00:00Z,Downstream,23.895427491354866,27.642294803984715,26.73580277028684,Platycephalus spp.,flathead,2,flathead,-19.26,146.81
lower_ross,2026-05-06T00:00:00Z,Downstream,23.993539994090387,28.17765868428939,24.027259299901072,Acanthopagrus spp.,bream,2,bream,-19.26,146.81
lower_ross,2026-05-06T00:00:00Z,Downstream,23.993539994090387,28.17765868428939,24.027259299901072,Lates calcarifer,barramundi,4,barramundi,-19.26,146.81
lower_ross,2026-05-06T00:00:00Z,Downstream,23.993539994090387,28.17765868428939,24.027259299901072,Lutjanus argentimaculatus,mangrove_jack,2,mangrove_jack,-19.26,146.81
lower_ross,2026-05-06T00:00:00Z,Downstream,23.993539994090387,28.17765868428939,24.027259299901072,Platycephalus spp.,flathead,3,flathead,-19.26,146.81
lower_ross,2026-05-07T00:00:00Z,Downstream,23.990107879945302,27.563433573467663,25.125085883956082,Acanthopagrus spp.,bream,2,bream,-19.26,146.81
lower_ross,2026-05-07T00:00:00Z,Downstream,23.990107879945302,27.563433573467663,25.125085883956082,Lates calcarifer,barramundi,1,barramundi,-19.26,146.81
lower_ross,2026-05-07T00:00:00Z,Downstream,23.990107879945302,27.563433573467663,25.125085883956082,Lutjanus argentimaculatus,mangrove_jack,1,mangrove_jack,-19.26,146.81
lower_ross,2026-05-07T00:00:00Z,Downstream,23.990107879945302,27.563433573467663,25.125085883956082,Platycephalus spp.,flathead,1,flathead,-19.26,146.81
lower_ross,2026-05-08T00:00:00Z,Downstream,24.025633778695813,27.981765193742316,25.898487065561557,Acanthopagrus spp.,bream,3,bream,-19.26,146.81
lower_ross,2026-05-08T00:00:00Z,Downstream,24.025633778695813,27.981765193742316,25.898487065561557,Lates calcarifer,barramundi,2,barramundi,-19.26,146.81
lower_ross,2026-05-08T00:00:00Z,Downstream,24.025633778695813,27.981765193742316,25.898487065561557,Lutjanus argentimaculatus,NA,0,NA,NA,NA
lower_ross,2026-05-08T00:00:00Z,Downstream,24.025633778695813,27.981765193742316,25.898487065561557,Platycephalus spp.,flathead,2,flathead,-19.26,146.81
lower_ross,2026-05-09T00:00:00Z,Downstream,24.01827487939419,27.834216270447538,24.584761925933368,Acanthopagrus spp.,NA,0,NA,NA,NA
lower_ross,2026-05-09T00:00:00Z,Downstream,24.01827487939419,27.834216270447538,24.584761925933368,Lates calcarifer,barramundi,3,barramundi,-19.26,146.81
lower_ross,2026-05-09T00:00:00Z,Downstream,24.01827487939419,27.834216270447538,24.584761925933368,Lutjanus argentimaculatus,mangrove_jack,1,mangrove_jack,-19.26,146.81
lower_ross,2026-05-09T00:00:00Z,Downstream,24.01827487939419,27.834216270447538,24.584761925933368,Platycephalus spp.,flathead,1,flathead,-19.26,146.81
lower_ross,2026-05-10T00:00:00Z,Downstream,23.92005585108578,28.128189624555063,26.157868028682117,Acanthopagrus spp.,bream,5,bream,-19.26,146.81
lower_ross,2026-05-10T00:00:00Z,Downstream,23.92005585108578,28.128189624555063,26.157868028682117,Lates calcarifer,NA,0,NA,NA,NA
lower_ross,2026-05-10T00:00:00Z,Downstream,23.92005585108578,28.128189624555063,26.157868028682117,Lutjanus argentimaculatus,mangrove_jack,5,mangrove_jack,-19.26,146.81
lower_ross,2026-05-10T00:00:00Z,Downstream,23.92005585108578,28.128189624555063,26.157868028682117,Platycephalus spp.,flathead,3,flathead,-19.26,146.81
lower_ross,2026-05-11T00:00:00Z,Downstream,23.842215702142,27.7744366360446,25.235996654090147,Acanthopagrus spp.,NA,0,NA,NA,NA
lower_ross,2026-05-11T00:00:00Z,Downstream,23.842215702142,27.7744366360446,25.235996654090147,Lates calcarifer,barramundi,2,barramundi,-19.26,146.81
lower_ross,2026-05-11T00:00:00Z,Downstream,23.842215702142,27.7744366360446,25.235996654090147,Lutjanus argentimaculatus,mangrove_jack,4,mangrove_jack,-19.26,146.81
lower_ross,2026-05-11T00:00:00Z,Downstream,23.842215702142,27.7744366360446,25.235996654090147,Platycephalus spp.,flathead,3,flathead,-19.26,146.81
lower_ross,2026-05-12T00:00:00Z,Downstream,23.95661793126447,28.524079593461323,27.328895313660098,Acanthopagrus spp.,bream,3,bream,-19.26,146.81
lower_ross,2026-05-12T00:00:00Z,Downstream,23.95661793126447,28.524079593461323,27.328895313660098,Lates calcarifer,barramundi,1,barramundi,-19.26,146.81
lower_ross,2026-05-12T00:00:00Z,Downstream,23.95661793126447,28.524079593461323,27.328895313660098,Lutjanus argentimaculatus,mangrove_jack,2,mangrove_jack,-19.26,146.81
lower_ross,2026-05-12T00:00:00Z,Downstream,23.95661793126447,28.524079593461323,27.328895313660098,Platycephalus spp.,flathead,2,flathead,-19.26,146.81
lower_ross,2026-05-13T00:00:00Z,Downstream,24.06877188616034,27.68330305903476,26.054892646695446,Acanthopagrus spp.,bream,1,bream,-19.26,146.81
lower_ross,2026-05-13T00:00:00Z,Downstream,24.06877188616034,27.68330305903476,26.054892646695446,Lates calcarifer,barramundi,1,barramundi,-19.26,146.81
lower_ross,2026-05-13T00:00:00Z,Downstream,24.06877188616034,27.68330305903476,26.054892646695446,Lutjanus argentimaculatus,mangrove_jack,2,mangrove_jack,-19.26,146.81
lower_ross,2026-05-13T00:00:00Z,Downstream,24.06877188616034,27.68330305903476,26.054892646695446,Platycephalus spp.,flathead,3,flathead,-19.26,146.81
lower_ross,2026-05-14T00:00:00Z,Downstream,24.09286838638203,27.876970194980228,21.856779612918753,Acanthopagrus spp.,bream,4,bream,-19.26,146.81
lower_ross,2026-05-14T00:00:00Z,Downstream,24.09286838638203,27.876970194980228,21.856779612918753,Lates calcarifer,barramundi,4,barramundi,-19.26,146.81
lower_ross,2026-05-14T00:00:00Z,Downstream,24.09286838638203,27.876970194980228,21.856779612918753,Lutjanus argentimaculatus,mangrove_jack,2,mangrove_jack,-19.26,146.81
lower_ross,2026-05-14T00:00:00Z,Downstream,24.09286838638203,27.876970194980228,21.856779612918753,Platycephalus spp.,flathead,4,flathead,-19.26,146.81
lower_ross,2026-05-15T00:00:00Z,Downstream,23.922994225092886,27.86715586110185,23.27115813167603,Acanthopagrus spp.,bream,1,bream,-19.26,146.81
lower_ross,2026-05-15T00:00:00Z,Downstream,23.922994225092886,27.86715586110185,23.27115813167603,Lates calcarifer,barramundi,1,barramundi,-19.26,146.81
lower_ross,2026-05-15T00:00:00Z,Downstream,23.922994225092886,27.86715586110185,23.27115813167603,Lutjanus argentimaculatus,mangrove_jack,3,mangrove_jack,-19.26,146.81
lower_ross,2026-05-15T00:00:00Z,Downstream,23.922994225092886,27.86715586110185,23.27115813167603,Platycephalus spp.,flathead,3,flathead,-19.26,146.81
lower_ross,2026-05-16T00:00:00Z,Downstream,23.994487919540045,28.435777809448908,24.75008843069562,Acanthopagrus spp.,bream,1,bream,-19.26,146.81
lower_ross,2026-05-16T00:00:00Z,Downstream,23.994487919540045,28.435777809448908,24.75008843069562,Lates calcarifer,NA,0,NA,NA,NA
lower_ross,2026-05-16T00:00:00Z,Downstream,23.994487919540045,28.435777809448908,24.75008843069562,Lutjanus argentimaculatus,NA,0,NA,NA,NA
lower_ross,2026-05-16T00:00:00Z,Downstream,23.994487919540045,28.435777809448908,24.75008843069562,Platycephalus spp.,NA,0,NA,NA,NA
lower_ross,2026-05-17T00:00:00Z,Downstream,23.925658299268143,27.673530206395103,26.98904765500629,Acanthopagrus spp.,bream,2,bream,-19.26,146.81
lower_ross,2026-05-17T00:00:00Z,Downstream,23.925658299268143,27.673530206395103,26.98904765500629,Lates calcarifer,barramundi,2,barramundi,-19.26,146.81
lower_ross,2026-05-17T00:00:00Z,Downstream,23.925658299268143,27.673530206395103,26.98904765500629,Lutjanus argentimaculatus,mangrove_jack,4,mangrove_jack,-19.26,146.81
lower_ross,2026-05-17T00:00:00Z,Downstream,23.925658299268143,27.673530206395103,26.98904765500629,Platycephalus spp.,flathead,2,flathead,-19.26,146.81
lower_ross,2026-05-18T00:00:00Z,Downstream,24.32838282661718,27.65589966852805,24.79695152479314,Acanthopagrus spp.,bream,4,bream,-19.26,146.81
lower_ross,2026-05-18T00:00:00Z,Downstream,24.32838282661718,27.65589966852805,24.79695152479314,Lates calcarifer,barramundi,1,barramundi,-19.26,146.81
lower_ross,2026-05-18T00:00:00Z,Downstream,24.32838282661718,27.65589966852805,24.79695152479314,Lutjanus argentimaculatus,mangrove_jack,2,mangrove_jack,-19.26,146.81
lower_ross,2026-05-18T00:00:00Z,Downstream,24.32838282661718,27.65589966852805,24.79695152479314,Platycephalus spp.,flathead,3,flathead,-19.26,146.81
lower_ross,2026-05-19T00:00:00Z,Downstream,23.94674887580552,28.222700375011254,25.37337568002896,Acanthopagrus spp.,bream,4,bream,-19.26,146.81
lower_ross,2026-05-19T00:00:00Z,Downstream,23.94674887580552,28.222700375011254,25.37337568002896,Lates calcarifer,barramundi,1,barramundi,-19.26,146.81
lower_ross,2026-05-19T00:00:00Z,Downstream,23.94674887580552,28.222700375011254,25.37337568002896,Lutjanus argentimaculatus,mangrove_jack,2,mangrove_jack,-19.26,146.81
lower_ross,2026-05-19T00:00:00Z,Downstream,23.94674887580552,28.222700375011254,25.37337568002896,Platycephalus spp.,flathead,1,flathead,-19.26,146.81
lower_ross,2026-05-20T00:00:00Z,Downstream,23.908173725713574,27.884357964574143,27.478345658361082,Acanthopagrus spp.,bream,3,bream,-19.26,146.81
lower_ross,2026-05-20T00:00:00Z,Downstream,23.908173725713574,27.884357964574143,27.478345658361082,Lates calcarifer,barramundi,2,barramundi,-19.26,146.81
lower_ross,2026-05-20T00:00:00Z,Downstream,23.908173725713574,27.884357964574143,27.478345658361082,Lutjanus argentimaculatus,mangrove_jack,1,mangrove_jack,-19.26,146.81
lower_ross,2026-05-20T00:00:00Z,Downstream,23.908173725713574,27.884357964574143,27.478345658361082,Platycephalus spp.,flathead,2,flathead,-19.26,146.81
lower_ross,2026-05-21T00:00:00Z,Downstream,23.776508238376735,28.160288063655834,25.001400591800515,Acanthopagrus spp.,bream,1,bream,-19.26,146.81
lower_ross,2026-05-21T00:00:00Z,Downstream,23.776508238376735,28.160288063655834,25.001400591800515,Lates calcarifer,NA,0,NA,NA,NA
lower_ross,2026-05-21T00:00:00Z,Downstream,23.776508238376735,28.160288063655834,25.001400591800515,Lutjanus argentimaculatus,mangrove_jack,1,mangrove_jack,-19.26,146.81
lower_ross,2026-05-21T00:00:00Z,Downstream,23.776508238376735,28.160288063655834,25.001400591800515,Platycephalus spp.,flathead,1,flathead,-19.26,146.81
lower_ross,2026-05-22T00:00:00Z,Downstream,24.068289634768327,27.929489075464662,26.493709499801533,Acanthopagrus spp.,bream,3,bream,-19.26,146.81
lower_ross,2026-05-22T00:00:00Z,Downstream,24.068289634768327,27.929489075464662,26.493709499801533,Lates calcarifer,barramundi,1,barramundi,-19.26,146.81
lower_ross,2026-05-22T00:00:00Z,Downstream,24.068289634768327,27.929489075464662,26.493709499801533,Lutjanus argentimaculatus,mangrove_jack,1,mangrove_jack,-19.26,146.81
lower_ross,2026-05-22T00:00:00Z,Downstream,24.068289634768327,27.929489075464662,26.493709499801533,Platycephalus spp.,flathead,2,flathead,-19.26,146.81
lower_ross,2026-05-23T00:00:00Z,Downstream,23.83016792530409,28.035283017065318,25.37666098152935,Acanthopagrus spp.,bream,1,bream,-19.26,146.81
lower_ross,2026-05-23T00:00:00Z,Downstream,23.83016792530409,28.035283017065318,25.37666098152935,Lates calcarifer,barramundi,2,barramundi,-19.26,146.81
lower_ross,2026-05-23T00:00:00Z,Downstream,23.83016792530409,28.035283017065318,25.37666098152935,Lutjanus argentimaculatus,mangrove_jack,3,mangrove_jack,-19.26,146.81
lower_ross,2026-05-23T00:00:00Z,Downstream,23.83016792530409,28.035283017065318,25.37666098152935,Platycephalus spp.,flathead,1,flathead,-19.26,146.81
lower_ross,2026-05-24T00:00:00Z,Downstream,24.14239799904327,28.28462308395766,24.259123201382977,Acanthopagrus spp.,NA,0,NA,NA,NA
lower_ross,2026-05-24T00:00:00Z,Downstream,24.14239799904327,28.28462308395766,24.259123201382977,Lates calcarifer,barramundi,1,barramundi,-19.26,146.81
lower_ross,2026-05-24T00:00:00Z,Downstream,24.14239799904327,28.28462308395766,24.259123201382977,Lutjanus argentimaculatus,NA,0,NA,NA,NA
lower_ross,2026-05-24T00:00:00Z,Downstream,24.14239799904327,28.28462308395766,24.259123201382977,Platycephalus spp.,flathead,3,flathead,-19.26,146.81
lower_ross,2026-05-25T00:00:00Z,Downstream,24.116530387906476,28.8650293040616,25.130310663304087,Acanthopagrus spp.,bream,3,bream,-19.26,146.81
lower_ross,2026-05-25T00:00:00Z,Downstream,24.116530387906476,28.8650293040616,25.130310663304087,Lates calcarifer,barramundi,2,barramundi,-19.26,146.81
lower_ross,2026-05-25T00:00:00Z,Downstream,24.116530387906476,28.8650293040616,25.130310663304087,Lutjanus argentimaculatus,mangrove_jack,2,mangrove_jack,-19.26,146.81
lower_ross,2026-05-25T00:00:00Z,Downstream,24.116530387906476,28.8650293040616,25.130310663304087,Platycephalus spp.,flathead,1,flathead,-19.26,146.81
lower_ross,2026-05-26T00:00:00Z,Downstream,23.96428437254915,28.004352707935183,25.209338435647076,Acanthopagrus spp.,NA,0,NA,NA,NA
lower_ross,2026-05-26T00:00:00Z,Downstream,23.96428437254915,28.004352707935183,25.209338435647076,Lates calcarifer,barramundi,2,barramundi,-19.26,146.81
lower_ross,2026-05-26T00:00:00Z,Downstream,23.96428437254915,28.004352707935183,25.209338435647076,Lutjanus argentimaculatus,mangrove_jack,1,mangrove_jack,-19.26,146.81
lower_ross,2026-05-26T00:00:00Z,Downstream,23.96428437254915,28.004352707935183,25.209338435647076,Platycephalus spp.,flathead,2,flathead,-19.26,146.81
lower_ross,2026-05-27T00:00:00Z,Downstream,24.089746547140894,27.773056943097792,26.146492850231496,Acanthopagrus spp.,bream,2,bream,-19.26,146.81
lower_ross,2026-05-27T00:00:00Z,Downstream,24.089746547140894,27.773056943097792,26.146492850231496,Lates calcarifer,barramundi,3,barramundi,-19.26,146.81
lower_ross,2026-05-27T00:00:00Z,Downstream,24.089746547140894,27.773056943097792,26.146492850231496,Lutjanus argentimaculatus,mangrove_jack,1,mangrove_jack,-19.26,146.81
lower_ross,2026-05-27T00:00:00Z,Downstream,24.089746547140894,27.773056943097792,26.146492850231496,Platycephalus spp.,flathead,2,flathead,-19.26,146.81
lower_ross,2026-05-28T00:00:00Z,Downstream,24.205480379998768,28.134447880770466,23.970221007684373,Acanthopagrus spp.,NA,0,NA,NA,NA
lower_ross,2026-05-28T00:00:00Z,Downstream,24.205480379998768,28.134447880770466,23.970221007684373,Lates calcarifer,NA,0,NA,NA,NA
lower_ross,2026-05-28T00:00:00Z,Downstream,24.205480379998768,28.134447880770466,23.970221007684373,Lutjanus argentimaculatus,mangrove_jack,2,mangrove_jack,-19.26,146.81
lower_ross,2026-05-28T00:00:00Z,Downstream,24.205480379998768,28.134447880770466,23.970221007684373,Platycephalus spp.,flathead,3,flathead,-19.26,146.81
lower_ross,2026-05-29T00:00:00Z,Downstream,24.18519027091467,27.101187665372326,24.32446766854011,Acanthopagrus spp.,bream,2,bream,-19.26,146.81
lower_ross,2026-05-29T00:00:00Z,Downstream,24.18519027091467,27.101187665372326,24.32446766854011,Lates calcarifer,barramundi,3,barramundi,-19.26,146.81
lower_ross,2026-05-29T00:00:00Z,Downstream,24.18519027091467,27.101187665372326,24.32446766854011,Lutjanus argentimaculatus,mangrove_jack,1,mangrove_jack,-19.26,146.81
lower_ross,2026-05-29T00:00:00Z,Downstream,24.18519027091467,27.101187665372326,24.32446766854011,Platycephalus spp.,flathead,3,flathead,-19.26,146.81
lower_ross,2026-05-30T00:00:00Z,Downstream,24.075024894470435,27.4147777706922,25.430811062577853,Acanthopagrus spp.,bream,1,bream,-19.26,146.81
lower_ross,2026-05-30T00:00:00Z,Downstream,24.075024894470435,27.4147777706922,25.430811062577853,Lates calcarifer,NA,0,NA,NA,NA
lower_ross,2026-05-30T00:00:00Z,Downstream,24.075024894470435,27.4147777706922,25.430811062577853,Lutjanus argentimaculatus,mangrove_jack,1,mangrove_jack,-19.26,146.81
lower_ross,2026-05-30T00:00:00Z,Downstream,24.075024894470435,27.4147777706922,25.430811062577853,Platycephalus spp.,flathead,1,flathead,-19.26,146.81
mid_ross,2026-05-01T00:00:00Z,Middle,24.225220695949808,14.910436325269885,25.88716508270717,Acanthopagrus spp.,bream,2,bream,-19.28,146.78
mid_ross,2026-05-01T00:00:00Z,Middle,24.225220695949808,14.910436325269885,25.88716508270717,Lates calcarifer,barramundi,4,barramundi,-19.28,146.78
mid_ross,2026-05-01T00:00:00Z,Middle,24.225220695949808,14.910436325269885,25.88716508270717,Lutjanus argentimaculatus,mangrove_jack,2,mangrove_jack,-19.28,146.78
mid_ross,2026-05-01T00:00:00Z,Middle,24.225220695949808,14.910436325269885,25.88716508270717,Platycephalus spp.,flathead,3,flathead,-19.28,146.78
mid_ross,2026-05-02T00:00:00Z,Middle,23.977502022637854,14.861152396032598,25.91668921839804,Acanthopagrus spp.,bream,2,bream,-19.28,146.78
mid_ross,2026-05-02T00:00:00Z,Middle,23.977502022637854,14.861152396032598,25.91668921839804,Lates calcarifer,NA,0,NA,NA,NA
mid_ross,2026-05-02T00:00:00Z,Middle,23.977502022637854,14.861152396032598,25.91668921839804,Lutjanus argentimaculatus,mangrove_jack,1,mangrove_jack,-19.28,146.78
mid_ross,2026-05-02T00:00:00Z,Middle,23.977502022637854,14.861152396032598,25.91668921839804,Platycephalus spp.,flathead,3,flathead,-19.28,146.78
mid_ross,2026-05-03T00:00:00Z,Middle,23.97181604013466,15.045618529424154,27.53508937542712,Acanthopagrus spp.,bream,1,bream,-19.28,146.78
mid_ross,2026-05-03T00:00:00Z,Middle,23.97181604013466,15.045618529424154,27.53508937542712,Lates calcarifer,barramundi,3,barramundi,-19.28,146.78
mid_ross,2026-05-03T00:00:00Z,Middle,23.97181604013466,15.045618529424154,27.53508937542712,Lutjanus argentimaculatus,mangrove_jack,2,mangrove_jack,-19.28,146.78
mid_ross,2026-05-03T00:00:00Z,Middle,23.97181604013466,15.045618529424154,27.53508937542712,Platycephalus spp.,NA,0,NA,NA,NA
mid_ross,2026-05-04T00:00:00Z,Middle,24.134712904419608,15.587256960132589,25.657518953478966,Acanthopagrus spp.,bream,1,bream,-19.28,146.78
mid_ross,2026-05-04T00:00:00Z,Middle,24.134712904419608,15.587256960132589,25.657518953478966,Lates calcarifer,barramundi,5,barramundi,-19.28,146.78
mid_ross,2026-05-04T00:00:00Z,Middle,24.134712904419608,15.587256960132589,25.657518953478966,Lutjanus argentimaculatus,mangrove_jack,1,mangrove_jack,-19.28,146.78
mid_ross,2026-05-04T00:00:00Z,Middle,24.134712904419608,15.587256960132589,25.657518953478966,Platycephalus spp.,flathead,2,flathead,-19.28,146.78
mid_ross,2026-05-05T00:00:00Z,Middle,23.839262951137307,15.006174764709199,24.424515340327183,Acanthopagrus spp.,bream,3,bream,-19.28,146.78
mid_ross,2026-05-05T00:00:00Z,Middle,23.839262951137307,15.006174764709199,24.424515340327183,Lates calcarifer,barramundi,1,barramundi,-19.28,146.78
mid_ross,2026-05-05T00:00:00Z,Middle,23.839262951137307,15.006174764709199,24.424515340327183,Lutjanus argentimaculatus,mangrove_jack,1,mangrove_jack,-19.28,146.78
mid_ross,2026-05-05T00:00:00Z,Middle,23.839262951137307,15.006174764709199,24.424515340327183,Platycephalus spp.,flathead,1,flathead,-19.28,146.78
mid_ross,2026-05-06T00:00:00Z,Middle,23.93323067671643,14.701228413431634,26.53830900741741,Acanthopagrus spp.,bream,2,bream,-19.28,146.78
mid_ross,2026-05-06T00:00:00Z,Middle,23.93323067671643,14.701228413431634,26.53830900741741,Lates calcarifer,barramundi,4,barramundi,-19.28,146.78
mid_ross,2026-05-06T00:00:00Z,Middle,23.93323067671643,14.701228413431634,26.53830900741741,Lutjanus argentimaculatus,mangrove_jack,2,mangrove_jack,-19.28,146.78
mid_ross,2026-05-06T00:00:00Z,Middle,23.93323067671643,14.701228413431634,26.53830900741741,Platycephalus spp.,flathead,2,flathead,-19.28,146.78
mid_ross,2026-05-07T00:00:00Z,Middle,24.213599954699568,14.760380015690885,26.22413441721493,Acanthopagrus spp.,bream,4,bream,-19.28,146.78
mid_ross,2026-05-07T00:00:00Z,Middle,24.213599954699568,14.760380015690885,26.22413441721493,Lates calcarifer,barramundi,1,barramundi,-19.28,146.78
mid_ross,2026-05-07T00:00:00Z,Middle,24.213599954699568,14.760380015690885,26.22413441721493,Lutjanus argentimaculatus,mangrove_jack,2,mangrove_jack,-19.28,146.78
mid_ross,2026-05-07T00:00:00Z,Middle,24.213599954699568,14.760380015690885,26.22413441721493,Platycephalus spp.,flathead,4,flathead,-19.28,146.78
mid_ross,2026-05-08T00:00:00Z,Middle,23.932199493309643,14.230540422895057,24.74529023666142,Acanthopagrus spp.,bream,1,bream,-19.28,146.78
mid_ross,2026-05-08T00:00:00Z,Middle,23.932199493309643,14.230540422895057,24.74529023666142,Lates calcarifer,barramundi,2,barramundi,-19.28,146.78
mid_ross,2026-05-08T00:00:00Z,Middle,23.932199493309643,14.230540422895057,24.74529023666142,Lutjanus argentimaculatus,mangrove_jack,4,mangrove_jack,-19.28,146.78
mid_ross,2026-05-08T00:00:00Z,Middle,23.932199493309643,14.230540422895057,24.74529023666142,Platycephalus spp.,flathead,3,flathead,-19.28,146.78
mid_ross,2026-05-09T00:00:00Z,Middle,24.004035696870314,15.047721432418484,24.35548748348325,Acanthopagrus spp.,bream,4,bream,-19.28,146.78
mid_ross,2026-05-09T00:00:00Z,Middle,24.004035696870314,15.047721432418484,24.35548748348325,Lates calcarifer,barramundi,1,barramundi,-19.28,146.78
mid_ross,2026-05-09T00:00:00Z,Middle,24.004035696870314,15.047721432418484,24.35548748348325,Lutjanus argentimaculatus,mangrove_jack,2,mangrove_jack,-19.28,146.78
mid_ross,2026-05-09T00:00:00Z,Middle,24.004035696870314,15.047721432418484,24.35548748348325,Platycephalus spp.,NA,0,NA,NA,NA
mid_ross,2026-05-10T00:00:00Z,Middle,23.959741668018836,14.966334578966283,24.339531364754528,Acanthopagrus spp.,bream,2,bream,-19.28,146.78
mid_ross,2026-05-10T00:00:00Z,Middle,23.959741668018836,14.966334578966283,24.339531364754528,Lates calcarifer,barramundi,2,barramundi,-19.28,146.78
mid_ross,2026-05-10T00:00:00Z,Middle,23.959741668018836,14.966334578966283,24.339531364754528,Lutjanus argentimaculatus,mangrove_jack,2,mangrove_jack,-19.28,146.78
mid_ross,2026-05-10T00:00:00Z,Middle,23.959741668018836,14.966334578966283,24.339531364754528,Platycephalus spp.,flathead,4,flathead,-19.28,146.78
mid_ross,2026-05-11T00:00:00Z,Middle,24.06565533077728,15.415319821214739,24.506421972754307,Acanthopagrus spp.,bream,4,bream,-19.28,146.78
mid_ross,2026-05-11T00:00:00Z,Middle,24.06565533077728,15.415319821214739,24.506421972754307,Lates calcarifer,barramundi,2,barramundi,-19.28,146.78
mid_ross,2026-05-11T00:00:00Z,Middle,24.06565533077728,15.415319821214739,24.506421972754307,Lutjanus argentimaculatus,NA,0,NA,NA,NA
mid_ross,2026-05-11T00:00:00Z,Middle,24.06565533077728,15.415319821214739,24.506421972754307,Platycephalus spp.,flathead,1,flathead,-19.28,146.78
mid_ross,2026-05-12T00:00:00Z,Middle,24.02426727043186,15.035548044925136,25.77647711717904,Acanthopagrus spp.,bream,2,bream,-19.28,146.78
mid_ross,2026-05-12T00:00:00Z,Middle,24.02426727043186,15.035548044925136,25.77647711717904,Lates calcarifer,NA,0,NA,NA,NA
mid_ross,2026-05-12T00:00:00Z,Middle,24.02426727043186,15.035548044925136,25.77647711717904,Lutjanus argentimaculatus,mangrove_jack,3,mangrove_jack,-19.28,146.78
mid_ross,2026-05-12T00:00:00Z,Middle,24.02426727043186,15.035548044925136,25.77647711717904,Platycephalus spp.,flathead,2,flathead,-19.28,146.78
mid_ross,2026-05-13T00:00:00Z,Middle,24.165981227972555,15.208018708475986,26.073642724011073,Acanthopagrus spp.,bream,1,bream,-19.28,146.78
mid_ross,2026-05-13T00:00:00Z,Middle,24.165981227972555,15.208018708475986,26.073642724011073,Lates calcarifer,barramundi,1,barramundi,-19.28,146.78
mid_ross,2026-05-13T00:00:00Z,Middle,24.165981227972555,15.208018708475986,26.073642724011073,Lutjanus argentimaculatus,mangrove_jack,3,mangrove_jack,-19.28,146.78
mid_ross,2026-05-13T00:00:00Z,Middle,24.165981227972555,15.208018708475986,26.073642724011073,Platycephalus spp.,flathead,4,flathead,-19.28,146.78
mid_ross,2026-05-14T00:00:00Z,Middle,23.820059450784242,15.105711772338054,26.302726809633896,Acanthopagrus spp.,bream,5,bream,-19.28,146.78
mid_ross,2026-05-14T00:00:00Z,Middle,23.820059450784242,15.105711772338054,26.302726809633896,Lates calcarifer,barramundi,4,barramundi,-19.28,146.78
mid_ross,2026-05-14T00:00:00Z,Middle,23.820059450784242,15.105711772338054,26.302726809633896,Lutjanus argentimaculatus,mangrove_jack,2,mangrove_jack,-19.28,146.78
mid_ross,2026-05-14T00:00:00Z,Middle,23.820059450784242,15.105711772338054,26.302726809633896,Platycephalus spp.,flathead,2,flathead,-19.28,146.78
mid_ross,2026-05-15T00:00:00Z,Middle,23.838979187999797,14.264804195394598,25.746137070093447,Acanthopagrus spp.,bream,1,bream,-19.28,146.78
mid_ross,2026-05-15T00:00:00Z,Middle,23.838979187999797,14.264804195394598,25.746137070093447,Lates calcarifer,barramundi,4,barramundi,-19.28,146.78
mid_ross,2026-05-15T00:00:00Z,Middle,23.838979187999797,14.264804195394598,25.746137070093447,Lutjanus argentimaculatus,mangrove_jack,4,mangrove_jack,-19.28,146.78
mid_ross,2026-05-15T00:00:00Z,Middle,23.838979187999797,14.264804195394598,25.746137070093447,Platycephalus spp.,flathead,4,flathead,-19.28,146.78
mid_ross,2026-05-16T00:00:00Z,Middle,24.259440770025357,14.95164993105056,27.03294747689253,Acanthopagrus spp.,bream,1,bream,-19.28,146.78
mid_ross,2026-05-16T00:00:00Z,Middle,24.259440770025357,14.95164993105056,27.03294747689253,Lates calcarifer,barramundi,2,barramundi,-19.28,146.78
mid_ross,2026-05-16T00:00:00Z,Middle,24.259440770025357,14.95164993105056,27.03294747689253,Lutjanus argentimaculatus,mangrove_jack,3,mangrove_jack,-19.28,146.78
mid_ross,2026-05-16T00:00:00Z,Middle,24.259440770025357,14.95164993105056,27.03294747689253,Platycephalus spp.,flathead,1,flathead,-19.28,146.78
mid_ross,2026-05-17T00:00:00Z,Middle,24.171332886794428,14.590073120710645,25.153800552498307,Acanthopagrus spp.,bream,2,bream,-19.28,146.78
mid_ross,2026-05-17T00:00:00Z,Middle,24.171332886794428,14.590073120710645,25.153800552498307,Lates calcarifer,barramundi,3,barramundi,-19.28,146.78
mid_ross,2026-05-17T00:00:00Z,Middle,24.171332886794428,14.590073120710645,25.153800552498307,Lutjanus argentimaculatus,mangrove_jack,2,mangrove_jack,-19.28,146.78
mid_ross,2026-05-17T00:00:00Z,Middle,24.171332886794428,14.590073120710645,25.153800552498307,Platycephalus spp.,flathead,4,flathead,-19.28,146.78
mid_ross,2026-05-18T00:00:00Z,Middle,23.989106080063593,15.106644310104112,24.1602382950433,Acanthopagrus spp.,bream,1,bream,-19.28,146.78
mid_ross,2026-05-18T00:00:00Z,Middle,23.989106080063593,15.106644310104112,24.1602382950433,Lates calcarifer,barramundi,1,barramundi,-19.28,146.78
mid_ross,2026-05-18T00:00:00Z,Middle,23.989106080063593,15.106644310104112,24.1602382950433,Lutjanus argentimaculatus,mangrove_jack,3,mangrove_jack,-19.28,146.78
mid_ross,2026-05-18T00:00:00Z,Middle,23.989106080063593,15.106644310104112,24.1602382950433,Platycephalus spp.,flathead,4,flathead,-19.28,146.78
mid_ross,2026-05-19T00:00:00Z,Middle,24.187580068386577,14.265796804794437,28.406059245543123,Acanthopagrus spp.,NA,0,NA,NA,NA
mid_ross,2026-05-19T00:00:00Z,Middle,24.187580068386577,14.265796804794437,28.406059245543123,Lates calcarifer,barramundi,3,barramundi,-19.28,146.78
mid_ross,2026-05-19T00:00:00Z,Middle,24.187580068386577,14.265796804794437,28.406059245543123,Lutjanus argentimaculatus,mangrove_jack,3,mangrove_jack,-19.28,146.78
mid_ross,2026-05-19T00:00:00Z,Middle,24.187580068386577,14.265796804794437,28.406059245543123,Platycephalus spp.,flathead,1,flathead,-19.28,146.78
mid_ross,2026-05-20T00:00:00Z,Middle,23.873749487811704,15.237257152410258,25.56452899660304,Acanthopagrus spp.,bream,1,bream,-19.28,146.78
mid_ross,2026-05-20T00:00:00Z,Middle,23.873749487811704,15.237257152410258,25.56452899660304,Lates calcarifer,barramundi,3,barramundi,-19.28,146.78
mid_ross,2026-05-20T00:00:00Z,Middle,23.873749487811704,15.237257152410258,25.56452899660304,Lutjanus argentimaculatus,mangrove_jack,3,mangrove_jack,-19.28,146.78
mid_ross,2026-05-20T00:00:00Z,Middle,23.873749487811704,15.237257152410258,25.56452899660304,Platycephalus spp.,flathead,3,flathead,-19.28,146.78
mid_ross,2026-05-21T00:00:00Z,Middle,23.96132482314796,14.646427629419426,25.754695822968763,Acanthopagrus spp.,NA,0,NA,NA,NA
mid_ross,2026-05-21T00:00:00Z,Middle,23.96132482314796,14.646427629419426,25.754695822968763,Lates calcarifer,barramundi,1,barramundi,-19.28,146.78
mid_ross,2026-05-21T00:00:00Z,Middle,23.96132482314796,14.646427629419426,25.754695822968763,Lutjanus argentimaculatus,NA,0,NA,NA,NA
mid_ross,2026-05-21T00:00:00Z,Middle,23.96132482314796,14.646427629419426,25.754695822968763,Platycephalus spp.,flathead,4,flathead,-19.28,146.78
mid_ross,2026-05-22T00:00:00Z,Middle,23.9340908529739,14.748287285851493,22.717474882186462,Acanthopagrus spp.,bream,1,bream,-19.28,146.78
mid_ross,2026-05-22T00:00:00Z,Middle,23.9340908529739,14.748287285851493,22.717474882186462,Lates calcarifer,barramundi,2,barramundi,-19.28,146.78
mid_ross,2026-05-22T00:00:00Z,Middle,23.9340908529739,14.748287285851493,22.717474882186462,Lutjanus argentimaculatus,NA,0,NA,NA,NA
mid_ross,2026-05-22T00:00:00Z,Middle,23.9340908529739,14.748287285851493,22.717474882186462,Platycephalus spp.,flathead,2,flathead,-19.28,146.78
mid_ross,2026-05-23T00:00:00Z,Middle,23.906584055242263,15.386230058410844,25.07525511142756,Acanthopagrus spp.,bream,3,bream,-19.28,146.78
mid_ross,2026-05-23T00:00:00Z,Middle,23.906584055242263,15.386230058410844,25.07525511142756,Lates calcarifer,barramundi,3,barramundi,-19.28,146.78
mid_ross,2026-05-23T00:00:00Z,Middle,23.906584055242263,15.386230058410844,25.07525511142756,Lutjanus argentimaculatus,mangrove_jack,2,mangrove_jack,-19.28,146.78
mid_ross,2026-05-23T00:00:00Z,Middle,23.906584055242263,15.386230058410844,25.07525511142756,Platycephalus spp.,NA,0,NA,NA,NA
mid_ross,2026-05-24T00:00:00Z,Middle,23.89189252055382,15.400518333321802,26.98318294020307,Acanthopagrus spp.,bream,2,bream,-19.28,146.78
mid_ross,2026-05-24T00:00:00Z,Middle,23.89189252055382,15.400518333321802,26.98318294020307,Lates calcarifer,barramundi,1,barramundi,-19.28,146.78
mid_ross,2026-05-24T00:00:00Z,Middle,23.89189252055382,15.400518333321802,26.98318294020307,Lutjanus argentimaculatus,mangrove_jack,2,mangrove_jack,-19.28,146.78
mid_ross,2026-05-24T00:00:00Z,Middle,23.89189252055382,15.400518333321802,26.98318294020307,Platycephalus spp.,flathead,1,flathead,-19.28,146.78
mid_ross,2026-05-25T00:00:00Z,Middle,24.13278674969542,15.445827202377183,24.96576381084938,Acanthopagrus spp.,bream,4,bream,-19.28,146.78
mid_ross,2026-05-25T00:00:00Z,Middle,24.13278674969542,15.445827202377183,24.96576381084938,Lates calcarifer,barramundi,1,barramundi,-19.28,146.78
mid_ross,2026-05-25T00:00:00Z,Middle,24.13278674969542,15.445827202377183,24.96576381084938,Lutjanus argentimaculatus,mangrove_jack,1,mangrove_jack,-19.28,146.78
mid_ross,2026-05-25T00:00:00Z,Middle,24.13278674969542,15.445827202377183,24.96576381084938,Platycephalus spp.,NA,0,NA,NA,NA
mid_ross,2026-05-26T00:00:00Z,Middle,24.09711436467564,14.414281060083727,28.98765548145267,Acanthopagrus spp.,bream,4,bream,-19.28,146.78
mid_ross,2026-05-26T00:00:00Z,Middle,24.09711436467564,14.414281060083727,28.98765548145267,Lates calcarifer,barramundi,3,barramundi,-19.28,146.78
mid_ross,2026-05-26T00:00:00Z,Middle,24.09711436467564,14.414281060083727,28.98765548145267,Lutjanus argentimaculatus,mangrove_jack,3,mangrove_jack,-19.28,146.78
mid_ross,2026-05-26T00:00:00Z,Middle,24.09711436467564,14.414281060083727,28.98765548145267,Platycephalus spp.,flathead,1,flathead,-19.28,146.78
mid_ross,2026-05-27T00:00:00Z,Middle,23.928806834682476,14.548786041268668,25.643653206903345,Acanthopagrus spp.,bream,4,bream,-19.28,146.78
mid_ross,2026-05-27T00:00:00Z,Middle,23.928806834682476,14.548786041268668,25.643653206903345,Lates calcarifer,barramundi,2,barramundi,-19.28,146.78
mid_ross,2026-05-27T00:00:00Z,Middle,23.928806834682476,14.548786041268668,25.643653206903345,Lutjanus argentimaculatus,mangrove_jack,2,mangrove_jack,-19.28,146.78
mid_ross,2026-05-27T00:00:00Z,Middle,23.928806834682476,14.548786041268668,25.643653206903345,Platycephalus spp.,NA,0,NA,NA,NA
mid_ross,2026-05-28T00:00:00Z,Middle,24.184442903004527,14.771247645395984,25.80749773499506,Acanthopagrus spp.,NA,0,NA,NA,NA
mid_ross,2026-05-28T00:00:00Z,Middle,24.184442903004527,14.771247645395984,25.80749773499506,Lates calcarifer,barramundi,1,barramundi,-19.28,146.78
mid_ross,2026-05-28T00:00:00Z,Middle,24.184442903004527,14.771247645395984,25.80749773499506,Lutjanus argentimaculatus,mangrove_jack,3,mangrove_jack,-19.28,146.78
mid_ross,2026-05-28T00:00:00Z,Middle,24.184442903004527,14.771247645395984,25.80749773499506,Platycephalus spp.,flathead,1,flathead,-19.28,146.78
mid_ross,2026-05-29T00:00:00Z,Middle,23.860593597403643,15.500524985832138,25.456696807670717,Acanthopagrus spp.,bream,3,bream,-19.28,146.78
mid_ross,2026-05-29T00:00:00Z,Middle,23.860593597403643,15.500524985832138,25.456696807670717,Lates calcarifer,barramundi,4,barramundi,-19.28,146.78
mid_ross,2026-05-29T00:00:00Z,Middle,23.860593597403643,15.500524985832138,25.456696807670717,Lutjanus argentimaculatus,mangrove_jack,1,mangrove_jack,-19.28,146.78
mid_ross,2026-05-29T00:00:00Z,Middle,23.860593597403643,15.500524985832138,25.456696807670717,Platycephalus spp.,flathead,1,flathead,-19.28,146.78
mid_ross,2026-05-30T00:00:00Z,Middle,24.066734869743193,14.206687282916372,25.670968838476686,Acanthopagrus spp.,bream,6,bream,-19.28,146.78
mid_ross,2026-05-30T00:00:00Z,Middle,24.066734869743193,14.206687282916372,25.670968838476686,Lates calcarifer,barramundi,2,barramundi,-19.28,146.78
mid_ross,2026-05-30T00:00:00Z,Middle,24.066734869743193,14.206687282916372,25.670968838476686,Lutjanus argentimaculatus,NA,0,NA,NA,NA
mid_ross,2026-05-30T00:00:00Z,Middle,24.066734869743193,14.206687282916372,25.670968838476686,Platycephalus spp.,flathead,1,flathead,-19.28,146.78
ross_mouth,2026-05-01T00:00:00Z,Marine,24.111775224914243,34.08698082671796,27.91213219290379,Acanthopagrus spp.,NA,0,NA,NA,NA
ross_mouth,2026-05-01T00:00:00Z,Marine,24.111775224914243,34.08698082671796,27.91213219290379,Lates calcarifer,barramundi,3,barramundi,-19.25,146.83
ross_mouth,2026-05-01T00:00:00Z,Marine,24.111775224914243,34.08698082671796,27.91213219290379,Lutjanus argentimaculatus,mangrove_jack,2,mangrove_jack,-19.25,146.83
ross_mouth,2026-05-01T00:00:00Z,Marine,24.111775224914243,34.08698082671796,27.91213219290379,Platycephalus spp.,flathead,9,flathead,-19.25,146.83
ross_mouth,2026-05-02T00:00:00Z,Marine,24.0143105931326,33.82737364844482,27.53917698988348,Acanthopagrus spp.,bream,3,bream,-19.25,146.83
ross_mouth,2026-05-02T00:00:00Z,Marine,24.0143105931326,33.82737364844482,27.53917698988348,Lates calcarifer,NA,0,NA,NA,NA
ross_mouth,2026-05-02T00:00:00Z,Marine,24.0143105931326,33.82737364844482,27.53917698988348,Lutjanus argentimaculatus,mangrove_jack,1,mangrove_jack,-19.25,146.83
ross_mouth,2026-05-02T00:00:00Z,Marine,24.0143105931326,33.82737364844482,27.53917698988348,Platycephalus spp.,flathead,4,flathead,-19.25,146.83
ross_mouth,2026-05-03T00:00:00Z,Marine,23.96078937358929,33.90456148612615,25.778079611582584,Acanthopagrus spp.,bream,2,bream,-19.25,146.83
ross_mouth,2026-05-03T00:00:00Z,Marine,23.96078937358929,33.90456148612615,25.778079611582584,Lates calcarifer,barramundi,1,barramundi,-19.25,146.83
ross_mouth,2026-05-03T00:00:00Z,Marine,23.96078937358929,33.90456148612615,25.778079611582584,Lutjanus argentimaculatus,mangrove_jack,1,mangrove_jack,-19.25,146.83
ross_mouth,2026-05-03T00:00:00Z,Marine,23.96078937358929,33.90456148612615,25.778079611582584,Platycephalus spp.,flathead,7,flathead,-19.25,146.83
ross_mouth,2026-05-04T00:00:00Z,Marine,24.017288916943965,34.188275997421194,22.783933828932845,Acanthopagrus spp.,bream,1,bream,-19.25,146.83
ross_mouth,2026-05-04T00:00:00Z,Marine,24.017288916943965,34.188275997421194,22.783933828932845,Lates calcarifer,barramundi,2,barramundi,-19.25,146.83
ross_mouth,2026-05-04T00:00:00Z,Marine,24.017288916943965,34.188275997421194,22.783933828932845,Lutjanus argentimaculatus,mangrove_jack,2,mangrove_jack,-19.25,146.83
ross_mouth,2026-05-04T00:00:00Z,Marine,24.017288916943965,34.188275997421194,22.783933828932845,Platycephalus spp.,flathead,6,flathead,-19.25,146.83
ross_mouth,2026-05-05T00:00:00Z,Marine,23.81659848778806,34.05924002860217,26.28476736148216,Acanthopagrus spp.,bream,1,bream,-19.25,146.83
ross_mouth,2026-05-05T00:00:00Z,Marine,23.81659848778806,34.05924002860217,26.28476736148216,Lates calcarifer,barramundi,1,barramundi,-19.25,146.83
ross_mouth,2026-05-05T00:00:00Z,Marine,23.81659848778806,34.05924002860217,26.28476736148216,Lutjanus argentimaculatus,NA,0,NA,NA,NA
ross_mouth,2026-05-05T00:00:00Z,Marine,23.81659848778806,34.05924002860217,26.28476736148216,Platycephalus spp.,flathead,7,flathead,-19.25,146.83
ross_mouth,2026-05-06T00:00:00Z,Marine,23.91571091948713,33.92384504870752,26.09291180780229,Acanthopagrus spp.,bream,1,bream,-19.25,146.83
ross_mouth,2026-05-06T00:00:00Z,Marine,23.91571091948713,33.92384504870752,26.09291180780229,Lates calcarifer,barramundi,1,barramundi,-19.25,146.83
ross_mouth,2026-05-06T00:00:00Z,Marine,23.91571091948713,33.92384504870752,26.09291180780229,Lutjanus argentimaculatus,mangrove_jack,1,mangrove_jack,-19.25,146.83
ross_mouth,2026-05-06T00:00:00Z,Marine,23.91571091948713,33.92384504870752,26.09291180780229,Platycephalus spp.,flathead,6,flathead,-19.25,146.83
ross_mouth,2026-05-07T00:00:00Z,Marine,23.998850574572,33.834715300969926,23.056164268225146,Acanthopagrus spp.,bream,3,bream,-19.25,146.83
ross_mouth,2026-05-07T00:00:00Z,Marine,23.998850574572,33.834715300969926,23.056164268225146,Lates calcarifer,barramundi,1,barramundi,-19.25,146.83
ross_mouth,2026-05-07T00:00:00Z,Marine,23.998850574572,33.834715300969926,23.056164268225146,Lutjanus argentimaculatus,mangrove_jack,2,mangrove_jack,-19.25,146.83
ross_mouth,2026-05-07T00:00:00Z,Marine,23.998850574572,33.834715300969926,23.056164268225146,Platycephalus spp.,flathead,6,flathead,-19.25,146.83
ross_mouth,2026-05-08T00:00:00Z,Marine,24.257349407129567,34.018682953654285,26.57088280653166,Acanthopagrus spp.,bream,1,bream,-19.25,146.83
ross_mouth,2026-05-08T00:00:00Z,Marine,24.257349407129567,34.018682953654285,26.57088280653166,Lates calcarifer,barramundi,1,barramundi,-19.25,146.83
ross_mouth,2026-05-08T00:00:00Z,Marine,24.257349407129567,34.018682953654285,26.57088280653166,Lutjanus argentimaculatus,mangrove_jack,2,mangrove_jack,-19.25,146.83
ross_mouth,2026-05-08T00:00:00Z,Marine,24.257349407129567,34.018682953654285,26.57088280653166,Platycephalus spp.,flathead,5,flathead,-19.25,146.83
ross_mouth,2026-05-09T00:00:00Z,Marine,23.713550591216833,33.93157329535426,28.189730452608984,Acanthopagrus spp.,bream,4,bream,-19.25,146.83
ross_mouth,2026-05-09T00:00:00Z,Marine,23.713550591216833,33.93157329535426,28.189730452608984,Lates calcarifer,barramundi,1,barramundi,-19.25,146.83
ross_mouth,2026-05-09T00:00:00Z,Marine,23.713550591216833,33.93157329535426,28.189730452608984,Lutjanus argentimaculatus,mangrove_jack,2,mangrove_jack,-19.25,146.83
ross_mouth,2026-05-09T00:00:00Z,Marine,23.713550591216833,33.93157329535426,28.189730452608984,Platycephalus spp.,flathead,6,flathead,-19.25,146.83
ross_mouth,2026-05-10T00:00:00Z,Marine,23.644591909110783,34.07272628849433,24.702782539847806,Acanthopagrus spp.,bream,1,bream,-19.25,146.83
ross_mouth,2026-05-10T00:00:00Z,Marine,23.644591909110783,34.07272628849433,24.702782539847806,Lates calcarifer,barramundi,4,barramundi,-19.25,146.83
ross_mouth,2026-05-10T00:00:00Z,Marine,23.644591909110783,34.07272628849433,24.702782539847806,Lutjanus argentimaculatus,mangrove_jack,1,mangrove_jack,-19.25,146.83
ross_mouth,2026-05-10T00:00:00Z,Marine,23.644591909110783,34.07272628849433,24.702782539847806,Platycephalus spp.,flathead,5,flathead,-19.25,146.83
ross_mouth,2026-05-11T00:00:00Z,Marine,24.28245659292535,34.249676826420135,26.632791267147148,Acanthopagrus spp.,bream,2,bream,-19.25,146.83
ross_mouth,2026-05-11T00:00:00Z,Marine,24.28245659292535,34.249676826420135,26.632791267147148,Lates calcarifer,barramundi,1,barramundi,-19.25,146.83
ross_mouth,2026-05-11T00:00:00Z,Marine,24.28245659292535,34.249676826420135,26.632791267147148,Lutjanus argentimaculatus,mangrove_jack,2,mangrove_jack,-19.25,146.83
ross_mouth,2026-05-11T00:00:00Z,Marine,24.28245659292535,34.249676826420135,26.632791267147148,Platycephalus spp.,flathead,4,flathead,-19.25,146.83
ross_mouth,2026-05-12T00:00:00Z,Marine,23.893202918170076,34.049731987629265,25.475572023829244,Acanthopagrus spp.,bream,2,bream,-19.25,146.83
ross_mouth,2026-05-12T00:00:00Z,Marine,23.893202918170076,34.049731987629265,25.475572023829244,Lates calcarifer,NA,0,NA,NA,NA
ross_mouth,2026-05-12T00:00:00Z,Marine,23.893202918170076,34.049731987629265,25.475572023829244,Lutjanus argentimaculatus,NA,0,NA,NA,NA
ross_mouth,2026-05-12T00:00:00Z,Marine,23.893202918170076,34.049731987629265,25.475572023829244,Platycephalus spp.,flathead,6,flathead,-19.25,146.83
ross_mouth,2026-05-13T00:00:00Z,Marine,23.997676589266387,34.07694180407664,25.63080581413302,Acanthopagrus spp.,bream,3,bream,-19.25,146.83
ross_mouth,2026-05-13T00:00:00Z,Marine,23.997676589266387,34.07694180407664,25.63080581413302,Lates calcarifer,barramundi,1,barramundi,-19.25,146.83
ross_mouth,2026-05-13T00:00:00Z,Marine,23.997676589266387,34.07694180407664,25.63080581413302,Lutjanus argentimaculatus,mangrove_jack,3,mangrove_jack,-19.25,146.83
ross_mouth,2026-05-13T00:00:00Z,Marine,23.997676589266387,34.07694180407664,25.63080581413302,Platycephalus spp.,flathead,4,flathead,-19.25,146.83
ross_mouth,2026-05-14T00:00:00Z,Marine,23.65359366656295,33.977167962096026,25.43891338268495,Acanthopagrus spp.,bream,3,bream,-19.25,146.83
ross_mouth,2026-05-14T00:00:00Z,Marine,23.65359366656295,33.977167962096026,25.43891338268495,Lates calcarifer,barramundi,1,barramundi,-19.25,146.83
ross_mouth,2026-05-14T00:00:00Z,Marine,23.65359366656295,33.977167962096026,25.43891338268495,Lutjanus argentimaculatus,mangrove_jack,3,mangrove_jack,-19.25,146.83
ross_mouth,2026-05-14T00:00:00Z,Marine,23.65359366656295,33.977167962096026,25.43891338268495,Platycephalus spp.,flathead,6,flathead,-19.25,146.83
ross_mouth,2026-05-15T00:00:00Z,Marine,23.94972493763403,34.13671563782858,25.05196760447921,Acanthopagrus spp.,bream,1,bream,-19.25,146.83
ross_mouth,2026-05-15T00:00:00Z,Marine,23.94972493763403,34.13671563782858,25.05196760447921,Lates calcarifer,barramundi,4,barramundi,-19.25,146.83
ross_mouth,2026-05-15T00:00:00Z,Marine,23.94972493763403,34.13671563782858,25.05196760447921,Lutjanus argentimaculatus,NA,0,NA,NA,NA
ross_mouth,2026-05-15T00:00:00Z,Marine,23.94972493763403,34.13671563782858,25.05196760447921,Platycephalus spp.,flathead,6,flathead,-19.25,146.83
ross_mouth,2026-05-16T00:00:00Z,Marine,24.088865904974938,34.173973296061185,25.091560577579894,Acanthopagrus spp.,bream,1,bream,-19.25,146.83
ross_mouth,2026-05-16T00:00:00Z,Marine,24.088865904974938,34.173973296061185,25.091560577579894,Lates calcarifer,barramundi,1,barramundi,-19.25,146.83
ross_mouth,2026-05-16T00:00:00Z,Marine,24.088865904974938,34.173973296061185,25.091560577579894,Lutjanus argentimaculatus,mangrove_jack,1,mangrove_jack,-19.25,146.83
ross_mouth,2026-05-16T00:00:00Z,Marine,24.088865904974938,34.173973296061185,25.091560577579894,Platycephalus spp.,flathead,4,flathead,-19.25,146.83
ross_mouth,2026-05-17T00:00:00Z,Marine,24.057291926820756,33.852896924468496,25.61927849964446,Acanthopagrus spp.,bream,4,bream,-19.25,146.83
ross_mouth,2026-05-17T00:00:00Z,Marine,24.057291926820756,33.852896924468496,25.61927849964446,Lates calcarifer,barramundi,1,barramundi,-19.25,146.83
ross_mouth,2026-05-17T00:00:00Z,Marine,24.057291926820756,33.852896924468496,25.61927849964446,Lutjanus argentimaculatus,NA,0,NA,NA,NA
ross_mouth,2026-05-17T00:00:00Z,Marine,24.057291926820756,33.852896924468496,25.61927849964446,Platycephalus spp.,flathead,5,flathead,-19.25,146.83
ross_mouth,2026-05-18T00:00:00Z,Marine,24.023246762252896,34.023857235797934,25.82576759075195,Acanthopagrus spp.,NA,0,NA,NA,NA
ross_mouth,2026-05-18T00:00:00Z,Marine,24.023246762252896,34.023857235797934,25.82576759075195,Lates calcarifer,barramundi,2,barramundi,-19.25,146.83
ross_mouth,2026-05-18T00:00:00Z,Marine,24.023246762252896,34.023857235797934,25.82576759075195,Lutjanus argentimaculatus,mangrove_jack,2,mangrove_jack,-19.25,146.83
ross_mouth,2026-05-18T00:00:00Z,Marine,24.023246762252896,34.023857235797934,25.82576759075195,Platycephalus spp.,flathead,4,flathead,-19.25,146.83
ross_mouth,2026-05-19T00:00:00Z,Marine,23.832666323513525,34.03307206234111,26.33513115195217,Acanthopagrus spp.,bream,7,bream,-19.25,146.83
ross_mouth,2026-05-19T00:00:00Z,Marine,23.832666323513525,34.03307206234111,26.33513115195217,Lates calcarifer,NA,0,NA,NA,NA
ross_mouth,2026-05-19T00:00:00Z,Marine,23.832666323513525,34.03307206234111,26.33513115195217,Lutjanus argentimaculatus,mangrove_jack,1,mangrove_jack,-19.25,146.83
ross_mouth,2026-05-19T00:00:00Z,Marine,23.832666323513525,34.03307206234111,26.33513115195217,Platycephalus spp.,flathead,6,flathead,-19.25,146.83
ross_mouth,2026-05-20T00:00:00Z,Marine,23.996775048086345,34.12611270440528,24.417995310012394,Acanthopagrus spp.,NA,0,NA,NA,NA
ross_mouth,2026-05-20T00:00:00Z,Marine,23.996775048086345,34.12611270440528,24.417995310012394,Lates calcarifer,barramundi,1,barramundi,-19.25,146.83
ross_mouth,2026-05-20T00:00:00Z,Marine,23.996775048086345,34.12611270440528,24.417995310012394,Lutjanus argentimaculatus,mangrove_jack,2,mangrove_jack,-19.25,146.83
ross_mouth,2026-05-20T00:00:00Z,Marine,23.996775048086345,34.12611270440528,24.417995310012394,Platycephalus spp.,flathead,7,flathead,-19.25,146.83
ross_mouth,2026-05-21T00:00:00Z,Marine,23.85303494400937,33.93125356985301,25.265623717912998,Acanthopagrus spp.,bream,2,bream,-19.25,146.83
ross_mouth,2026-05-21T00:00:00Z,Marine,23.85303494400937,33.93125356985301,25.265623717912998,Lates calcarifer,barramundi,1,barramundi,-19.25,146.83
ross_mouth,2026-05-21T00:00:00Z,Marine,23.85303494400937,33.93125356985301,25.265623717912998,Lutjanus argentimaculatus,mangrove_jack,2,mangrove_jack,-19.25,146.83
ross_mouth,2026-05-21T00:00:00Z,Marine,23.85303494400937,33.93125356985301,25.265623717912998,Platycephalus spp.,flathead,6,flathead,-19.25,146.83
ross_mouth,2026-05-22T00:00:00Z,Marine,23.826895077598934,34.05044189601314,25.353260327682264,Acanthopagrus spp.,bream,3,bream,-19.25,146.83
ross_mouth,2026-05-22T00:00:00Z,Marine,23.826895077598934,34.05044189601314,25.353260327682264,Lates calcarifer,barramundi,4,barramundi,-19.25,146.83
ross_mouth,2026-05-22T00:00:00Z,Marine,23.826895077598934,34.05044189601314,25.353260327682264,Lutjanus argentimaculatus,mangrove_jack,1,mangrove_jack,-19.25,146.83
ross_mouth,2026-05-22T00:00:00Z,Marine,23.826895077598934,34.05044189601314,25.353260327682264,Platycephalus spp.,flathead,4,flathead,-19.25,146.83
ross_mouth,2026-05-23T00:00:00Z,Marine,24.25524039999102,33.980984537453,25.929285967579254,Acanthopagrus spp.,bream,1,bream,-19.25,146.83
ross_mouth,2026-05-23T00:00:00Z,Marine,24.25524039999102,33.980984537453,25.929285967579254,Lates calcarifer,barramundi,1,barramundi,-19.25,146.83
ross_mouth,2026-05-23T00:00:00Z,Marine,24.25524039999102,33.980984537453,25.929285967579254,Lutjanus argentimaculatus,mangrove_jack,2,mangrove_jack,-19.25,146.83
ross_mouth,2026-05-23T00:00:00Z,Marine,24.25524039999102,33.980984537453,25.929285967579254,Platycephalus spp.,flathead,5,flathead,-19.25,146.83
ross_mouth,2026-05-24T00:00:00Z,Marine,23.817920667237882,34.01301838449456,26.708225593258756,Acanthopagrus spp.,bream,4,bream,-19.25,146.83
ross_mouth,2026-05-24T00:00:00Z,Marine,23.817920667237882,34.01301838449456,26.708225593258756,Lates calcarifer,barramundi,1,barramundi,-19.25,146.83
ross_mouth,2026-05-24T00:00:00Z,Marine,23.817920667237882,34.01301838449456,26.708225593258756,Lutjanus argentimaculatus,mangrove_jack,5,mangrove_jack,-19.25,146.83
ross_mouth,2026-05-24T00:00:00Z,Marine,23.817920667237882,34.01301838449456,26.708225593258756,Platycephalus spp.,flathead,5,flathead,-19.25,146.83
ross_mouth,2026-05-25T00:00:00Z,Marine,24.28413349227921,34.02355410298673,24.623672080521665,Acanthopagrus spp.,bream,3,bream,-19.25,146.83
ross_mouth,2026-05-25T00:00:00Z,Marine,24.28413349227921,34.02355410298673,24.623672080521665,Lates calcarifer,barramundi,4,barramundi,-19.25,146.83
ross_mouth,2026-05-25T00:00:00Z,Marine,24.28413349227921,34.02355410298673,24.623672080521665,Lutjanus argentimaculatus,mangrove_jack,1,mangrove_jack,-19.25,146.83
ross_mouth,2026-05-25T00:00:00Z,Marine,24.28413349227921,34.02355410298673,24.623672080521665,Platycephalus spp.,flathead,7,flathead,-19.25,146.83
ross_mouth,2026-05-26T00:00:00Z,Marine,23.932945035029785,33.99903267108698,28.082215104855457,Acanthopagrus spp.,bream,1,bream,-19.25,146.83
ross_mouth,2026-05-26T00:00:00Z,Marine,23.932945035029785,33.99903267108698,28.082215104855457,Lates calcarifer,barramundi,5,barramundi,-19.25,146.83
ross_mouth,2026-05-26T00:00:00Z,Marine,23.932945035029785,33.99903267108698,28.082215104855457,Lutjanus argentimaculatus,NA,0,NA,NA,NA
ross_mouth,2026-05-26T00:00:00Z,Marine,23.932945035029785,33.99903267108698,28.082215104855457,Platycephalus spp.,flathead,8,flathead,-19.25,146.83
ross_mouth,2026-05-27T00:00:00Z,Marine,23.792907818348827,33.93273274343932,25.09710618990939,Acanthopagrus spp.,bream,2,bream,-19.25,146.83
ross_mouth,2026-05-27T00:00:00Z,Marine,23.792907818348827,33.93273274343932,25.09710618990939,Lates calcarifer,barramundi,1,barramundi,-19.25,146.83
ross_mouth,2026-05-27T00:00:00Z,Marine,23.792907818348827,33.93273274343932,25.09710618990939,Lutjanus argentimaculatus,NA,0,NA,NA,NA
ross_mouth,2026-05-27T00:00:00Z,Marine,23.792907818348827,33.93273274343932,25.09710618990939,Platycephalus spp.,flathead,7,flathead,-19.25,146.83
ross_mouth,2026-05-28T00:00:00Z,Marine,23.766779852659898,34.02235531961542,24.15842460151605,Acanthopagrus spp.,bream,6,bream,-19.25,146.83
ross_mouth,2026-05-28T00:00:00Z,Marine,23.766779852659898,34.02235531961542,24.15842460151605,Lates calcarifer,NA,0,NA,NA,NA
ross_mouth,2026-05-28T00:00:00Z,Marine,23.766779852659898,34.02235531961542,24.15842460151605,Lutjanus argentimaculatus,mangrove_jack,2,mangrove_jack,-19.25,146.83
ross_mouth,2026-05-28T00:00:00Z,Marine,23.766779852659898,34.02235531961542,24.15842460151605,Platycephalus spp.,flathead,5,flathead,-19.25,146.83
ross_mouth,2026-05-29T00:00:00Z,Marine,24.032464322766195,34.16731834611233,25.432792907132598,Acanthopagrus spp.,bream,7,bream,-19.25,146.83
ross_mouth,2026-05-29T00:00:00Z,Marine,24.032464322766195,34.16731834611233,25.432792907132598,Lates calcarifer,barramundi,1,barramundi,-19.25,146.83
ross_mouth,2026-05-29T00:00:00Z,Marine,24.032464322766195,34.16731834611233,25.432792907132598,Lutjanus argentimaculatus,mangrove_jack,1,mangrove_jack,-19.25,146.83
ross_mouth,2026-05-29T00:00:00Z,Marine,24.032464322766195,34.16731834611233,25.432792907132598,Platycephalus spp.,flathead,6,flathead,-19.25,146.83
ross_mouth,2026-05-30T00:00:00Z,Marine,23.90304691731786,33.98601485678379,24.89732887398762,Acanthopagrus spp.,bream,1,bream,-19.25,146.83
ross_mouth,2026-05-30T00:00:00Z,Marine,23.90304691731786,33.98601485678379,24.89732887398762,Lates calcarifer,barramundi,2,barramundi,-19.25,146.83
ross_mouth,2026-05-30T00:00:00Z,Marine,23.90304691731786,33.98601485678379,24.89732887398762,Lutjanus argentimaculatus,mangrove_jack,3,mangrove_jack,-19.25,146.83
ross_mouth,2026-05-30T00:00:00Z,Marine,23.90304691731786,33.98601485678379,24.89732887398762,Platycephalus spp.,flathead,4,flathead,-19.25,146.83
upper_ross,2026-05-01T00:00:00Z,Upstream,24.05739389768456,4.88362949760377,24.672178468217368,Acanthopagrus spp.,bream,2,bream,-19.31,146.74
upper_ross,2026-05-01T00:00:00Z,Upstream,24.05739389768456,4.88362949760377,24.672178468217368,Lates calcarifer,barramundi,5,barramundi,-19.31,146.74
upper_ross,2026-05-01T00:00:00Z,Upstream,24.05739389768456,4.88362949760377,24.672178468217368,Lutjanus argentimaculatus,NA,0,NA,NA,NA
upper_ross,2026-05-01T00:00:00Z,Upstream,24.05739389768456,4.88362949760377,24.672178468217368,Platycephalus spp.,flathead,6,flathead,-19.31,146.74
upper_ross,2026-05-02T00:00:00Z,Upstream,23.921000592366777,4.975227202998894,25.10221127028434,Acanthopagrus spp.,bream,2,bream,-19.31,146.74
upper_ross,2026-05-02T00:00:00Z,Upstream,23.921000592366777,4.975227202998894,25.10221127028434,Lates calcarifer,barramundi,8,barramundi,-19.31,146.74
upper_ross,2026-05-02T00:00:00Z,Upstream,23.921000592366777,4.975227202998894,25.10221127028434,Lutjanus argentimaculatus,mangrove_jack,1,mangrove_jack,-19.31,146.74
upper_ross,2026-05-02T00:00:00Z,Upstream,23.921000592366777,4.975227202998894,25.10221127028434,Platycephalus spp.,flathead,4,flathead,-19.31,146.74
upper_ross,2026-05-03T00:00:00Z,Upstream,23.86275587153061,4.986486670191826,26.32715167374392,Acanthopagrus spp.,bream,2,bream,-19.31,146.74
upper_ross,2026-05-03T00:00:00Z,Upstream,23.86275587153061,4.986486670191826,26.32715167374392,Lates calcarifer,barramundi,4,barramundi,-19.31,146.74
upper_ross,2026-05-03T00:00:00Z,Upstream,23.86275587153061,4.986486670191826,26.32715167374392,Lutjanus argentimaculatus,NA,0,NA,NA,NA
upper_ross,2026-05-03T00:00:00Z,Upstream,23.86275587153061,4.986486670191826,26.32715167374392,Platycephalus spp.,NA,0,NA,NA,NA
upper_ross,2026-05-04T00:00:00Z,Upstream,23.91530170907627,4.653833368467849,25.805069199064746,Acanthopagrus spp.,bream,2,bream,-19.31,146.74
upper_ross,2026-05-04T00:00:00Z,Upstream,23.91530170907627,4.653833368467849,25.805069199064746,Lates calcarifer,barramundi,5,barramundi,-19.31,146.74
upper_ross,2026-05-04T00:00:00Z,Upstream,23.91530170907627,4.653833368467849,25.805069199064746,Lutjanus argentimaculatus,mangrove_jack,3,mangrove_jack,-19.31,146.74
upper_ross,2026-05-04T00:00:00Z,Upstream,23.91530170907627,4.653833368467849,25.805069199064746,Platycephalus spp.,NA,0,NA,NA,NA
upper_ross,2026-05-05T00:00:00Z,Upstream,24.159606273193866,4.890618781813075,25.32492275495191,Acanthopagrus spp.,bream,2,bream,-19.31,146.74
upper_ross,2026-05-05T00:00:00Z,Upstream,24.159606273193866,4.890618781813075,25.32492275495191,Lates calcarifer,barramundi,6,barramundi,-19.31,146.74
upper_ross,2026-05-05T00:00:00Z,Upstream,24.159606273193866,4.890618781813075,25.32492275495191,Lutjanus argentimaculatus,mangrove_jack,2,mangrove_jack,-19.31,146.74
upper_ross,2026-05-05T00:00:00Z,Upstream,24.159606273193866,4.890618781813075,25.32492275495191,Platycephalus spp.,NA,0,NA,NA,NA
upper_ross,2026-05-06T00:00:00Z,Upstream,23.9716615259673,5.25531137278478,27.021656706605267,Acanthopagrus spp.,bream,2,bream,-19.31,146.74
upper_ross,2026-05-06T00:00:00Z,Upstream,23.9716615259673,5.25531137278478,27.021656706605267,Lates calcarifer,barramundi,7,barramundi,-19.31,146.74
upper_ross,2026-05-06T00:00:00Z,Upstream,23.9716615259673,5.25531137278478,27.021656706605267,Lutjanus argentimaculatus,mangrove_jack,3,mangrove_jack,-19.31,146.74
upper_ross,2026-05-06T00:00:00Z,Upstream,23.9716615259673,5.25531137278478,27.021656706605267,Platycephalus spp.,flathead,2,flathead,-19.31,146.74
upper_ross,2026-05-07T00:00:00Z,Upstream,23.690835141798875,4.835295831016224,25.12350641343639,Acanthopagrus spp.,bream,5,bream,-19.31,146.74
upper_ross,2026-05-07T00:00:00Z,Upstream,23.690835141798875,4.835295831016224,25.12350641343639,Lates calcarifer,barramundi,4,barramundi,-19.31,146.74
upper_ross,2026-05-07T00:00:00Z,Upstream,23.690835141798875,4.835295831016224,25.12350641343639,Lutjanus argentimaculatus,mangrove_jack,1,mangrove_jack,-19.31,146.74
upper_ross,2026-05-07T00:00:00Z,Upstream,23.690835141798875,4.835295831016224,25.12350641343639,Platycephalus spp.,flathead,5,flathead,-19.31,146.74
upper_ross,2026-05-08T00:00:00Z,Upstream,23.831453586381983,5.003954053091254,23.90736000221064,Acanthopagrus spp.,bream,2,bream,-19.31,146.74
upper_ross,2026-05-08T00:00:00Z,Upstream,23.831453586381983,5.003954053091254,23.90736000221064,Lates calcarifer,barramundi,4,barramundi,-19.31,146.74
upper_ross,2026-05-08T00:00:00Z,Upstream,23.831453586381983,5.003954053091254,23.90736000221064,Lutjanus argentimaculatus,mangrove_jack,1,mangrove_jack,-19.31,146.74
upper_ross,2026-05-08T00:00:00Z,Upstream,23.831453586381983,5.003954053091254,23.90736000221064,Platycephalus spp.,flathead,1,flathead,-19.31,146.74
upper_ross,2026-05-09T00:00:00Z,Upstream,24.061422083671015,4.756500426585427,24.46225571722413,Acanthopagrus spp.,bream,1,bream,-19.31,146.74
upper_ross,2026-05-09T00:00:00Z,Upstream,24.061422083671015,4.756500426585427,24.46225571722413,Lates calcarifer,barramundi,3,barramundi,-19.31,146.74
upper_ross,2026-05-09T00:00:00Z,Upstream,24.061422083671015,4.756500426585427,24.46225571722413,Lutjanus argentimaculatus,mangrove_jack,2,mangrove_jack,-19.31,146.74
upper_ross,2026-05-09T00:00:00Z,Upstream,24.061422083671015,4.756500426585427,24.46225571722413,Platycephalus spp.,flathead,2,flathead,-19.31,146.74
upper_ross,2026-05-10T00:00:00Z,Upstream,24.142182751697586,5.07572360752576,25.170041726300234,Acanthopagrus spp.,bream,4,bream,-19.31,146.74
upper_ross,2026-05-10T00:00:00Z,Upstream,24.142182751697586,5.07572360752576,25.170041726300234,Lates calcarifer,barramundi,3,barramundi,-19.31,146.74
upper_ross,2026-05-10T00:00:00Z,Upstream,24.142182751697586,5.07572360752576,25.170041726300234,Lutjanus argentimaculatus,mangrove_jack,3,mangrove_jack,-19.31,146.74
upper_ross,2026-05-10T00:00:00Z,Upstream,24.142182751697586,5.07572360752576,25.170041726300234,Platycephalus spp.,flathead,1,flathead,-19.31,146.74
upper_ross,2026-05-11T00:00:00Z,Upstream,23.93763570447984,5.020440944975068,24.18273546567956,Acanthopagrus spp.,bream,5,bream,-19.31,146.74
upper_ross,2026-05-11T00:00:00Z,Upstream,23.93763570447984,5.020440944975068,24.18273546567956,Lates calcarifer,barramundi,6,barramundi,-19.31,146.74
upper_ross,2026-05-11T00:00:00Z,Upstream,23.93763570447984,5.020440944975068,24.18273546567956,Lutjanus argentimaculatus,mangrove_jack,4,mangrove_jack,-19.31,146.74
upper_ross,2026-05-11T00:00:00Z,Upstream,23.93763570447984,5.020440944975068,24.18273546567956,Platycephalus spp.,flathead,2,flathead,-19.31,146.74
upper_ross,2026-05-12T00:00:00Z,Upstream,24.193720661769138,4.896689439238327,25.216948457277738,Acanthopagrus spp.,bream,1,bream,-19.31,146.74
upper_ross,2026-05-12T00:00:00Z,Upstream,24.193720661769138,4.896689439238327,25.216948457277738,Lates calcarifer,barramundi,7,barramundi,-19.31,146.74
upper_ross,2026-05-12T00:00:00Z,Upstream,24.193720661769138,4.896689439238327,25.216948457277738,Lutjanus argentimaculatus,mangrove_jack,3,mangrove_jack,-19.31,146.74
upper_ross,2026-05-12T00:00:00Z,Upstream,24.193720661769138,4.896689439238327,25.216948457277738,Platycephalus spp.,flathead,3,flathead,-19.31,146.74
upper_ross,2026-05-13T00:00:00Z,Upstream,23.945044949410274,5.14422120147387,24.4043025401922,Acanthopagrus spp.,bream,5,bream,-19.31,146.74
upper_ross,2026-05-13T00:00:00Z,Upstream,23.945044949410274,5.14422120147387,24.4043025401922,Lates calcarifer,barramundi,4,barramundi,-19.31,146.74
upper_ross,2026-05-13T00:00:00Z,Upstream,23.945044949410274,5.14422120147387,24.4043025401922,Lutjanus argentimaculatus,mangrove_jack,3,mangrove_jack,-19.31,146.74
upper_ross,2026-05-13T00:00:00Z,Upstream,23.945044949410274,5.14422120147387,24.4043025401922,Platycephalus spp.,flathead,6,flathead,-19.31,146.74
upper_ross,2026-05-14T00:00:00Z,Upstream,24.1503699794915,4.668612532496418,26.066660079782686,Acanthopagrus spp.,bream,3,bream,-19.31,146.74
upper_ross,2026-05-14T00:00:00Z,Upstream,24.1503699794915,4.668612532496418,26.066660079782686,Lates calcarifer,barramundi,5,barramundi,-19.31,146.74
upper_ross,2026-05-14T00:00:00Z,Upstream,24.1503699794915,4.668612532496418,26.066660079782686,Lutjanus argentimaculatus,mangrove_jack,2,mangrove_jack,-19.31,146.74
upper_ross,2026-05-14T00:00:00Z,Upstream,24.1503699794915,4.668612532496418,26.066660079782686,Platycephalus spp.,flathead,4,flathead,-19.31,146.74
upper_ross,2026-05-15T00:00:00Z,Upstream,24.146633207587485,4.9716161390514895,27.7161859672962,Acanthopagrus spp.,bream,6,bream,-19.31,146.74
upper_ross,2026-05-15T00:00:00Z,Upstream,24.146633207587485,4.9716161390514895,27.7161859672962,Lates calcarifer,barramundi,4,barramundi,-19.31,146.74
upper_ross,2026-05-15T00:00:00Z,Upstream,24.146633207587485,4.9716161390514895,27.7161859672962,Lutjanus argentimaculatus,mangrove_jack,3,mangrove_jack,-19.31,146.74
upper_ross,2026-05-15T00:00:00Z,Upstream,24.146633207587485,4.9716161390514895,27.7161859672962,Platycephalus spp.,flathead,3,flathead,-19.31,146.74
upper_ross,2026-05-16T00:00:00Z,Upstream,23.808030469665727,4.7336331608748266,29.895430914486848,Acanthopagrus spp.,bream,2,bream,-19.31,146.74
upper_ross,2026-05-16T00:00:00Z,Upstream,23.808030469665727,4.7336331608748266,29.895430914486848,Lates calcarifer,barramundi,3,barramundi,-19.31,146.74
upper_ross,2026-05-16T00:00:00Z,Upstream,23.808030469665727,4.7336331608748266,29.895430914486848,Lutjanus argentimaculatus,mangrove_jack,1,mangrove_jack,-19.31,146.74
upper_ross,2026-05-16T00:00:00Z,Upstream,23.808030469665727,4.7336331608748266,29.895430914486848,Platycephalus spp.,flathead,1,flathead,-19.31,146.74
upper_ross,2026-05-17T00:00:00Z,Upstream,24.190622238548897,5.095510438901491,25.839381777104396,Acanthopagrus spp.,bream,5,bream,-19.31,146.74
upper_ross,2026-05-17T00:00:00Z,Upstream,24.190622238548897,5.095510438901491,25.839381777104396,Lates calcarifer,barramundi,10,barramundi,-19.31,146.74
upper_ross,2026-05-17T00:00:00Z,Upstream,24.190622238548897,5.095510438901491,25.839381777104396,Lutjanus argentimaculatus,mangrove_jack,2,mangrove_jack,-19.31,146.74
upper_ross,2026-05-17T00:00:00Z,Upstream,24.190622238548897,5.095510438901491,25.839381777104396,Platycephalus spp.,flathead,2,flathead,-19.31,146.74
upper_ross,2026-05-18T00:00:00Z,Upstream,23.933709939087862,5.378560282469816,29.59699247230964,Acanthopagrus spp.,bream,1,bream,-19.31,146.74
upper_ross,2026-05-18T00:00:00Z,Upstream,23.933709939087862,5.378560282469816,29.59699247230964,Lates calcarifer,barramundi,3,barramundi,-19.31,146.74
upper_ross,2026-05-18T00:00:00Z,Upstream,23.933709939087862,5.378560282469816,29.59699247230964,Lutjanus argentimaculatus,mangrove_jack,2,mangrove_jack,-19.31,146.74
upper_ross,2026-05-18T00:00:00Z,Upstream,23.933709939087862,5.378560282469816,29.59699247230964,Platycephalus spp.,flathead,1,flathead,-19.31,146.74
upper_ross,2026-05-19T00:00:00Z,Upstream,24.094463644638978,5.165178931520893,24.440482733925524,Acanthopagrus spp.,bream,2,bream,-19.31,146.74
upper_ross,2026-05-19T00:00:00Z,Upstream,24.094463644638978,5.165178931520893,24.440482733925524,Lates calcarifer,barramundi,3,barramundi,-19.31,146.74
upper_ross,2026-05-19T00:00:00Z,Upstream,24.094463644638978,5.165178931520893,24.440482733925524,Lutjanus argentimaculatus,mangrove_jack,1,mangrove_jack,-19.31,146.74
upper_ross,2026-05-19T00:00:00Z,Upstream,24.094463644638978,5.165178931520893,24.440482733925524,Platycephalus spp.,flathead,1,flathead,-19.31,146.74
upper_ross,2026-05-20T00:00:00Z,Upstream,24.085067832724526,5.254556771576147,26.198325690475382,Acanthopagrus spp.,bream,1,bream,-19.31,146.74
upper_ross,2026-05-20T00:00:00Z,Upstream,24.085067832724526,5.254556771576147,26.198325690475382,Lates calcarifer,barramundi,4,barramundi,-19.31,146.74
upper_ross,2026-05-20T00:00:00Z,Upstream,24.085067832724526,5.254556771576147,26.198325690475382,Lutjanus argentimaculatus,mangrove_jack,2,mangrove_jack,-19.31,146.74
upper_ross,2026-05-20T00:00:00Z,Upstream,24.085067832724526,5.254556771576147,26.198325690475382,Platycephalus spp.,flathead,3,flathead,-19.31,146.74
upper_ross,2026-05-21T00:00:00Z,Upstream,24.155537457699552,4.914217575471403,28.23824940078323,Acanthopagrus spp.,bream,5,bream,-19.31,146.74
upper_ross,2026-05-21T00:00:00Z,Upstream,24.155537457699552,4.914217575471403,28.23824940078323,Lates calcarifer,barramundi,4,barramundi,-19.31,146.74
upper_ross,2026-05-21T00:00:00Z,Upstream,24.155537457699552,4.914217575471403,28.23824940078323,Lutjanus argentimaculatus,mangrove_jack,2,mangrove_jack,-19.31,146.74
upper_ross,2026-05-21T00:00:00Z,Upstream,24.155537457699552,4.914217575471403,28.23824940078323,Platycephalus spp.,flathead,3,flathead,-19.31,146.74
upper_ross,2026-05-22T00:00:00Z,Upstream,24.113932390268044,4.685313921555547,23.176903649607834,Acanthopagrus spp.,bream,4,bream,-19.31,146.74
upper_ross,2026-05-22T00:00:00Z,Upstream,24.113932390268044,4.685313921555547,23.176903649607834,Lates calcarifer,barramundi,5,barramundi,-19.31,146.74
upper_ross,2026-05-22T00:00:00Z,Upstream,24.113932390268044,4.685313921555547,23.176903649607834,Lutjanus argentimaculatus,NA,0,NA,NA,NA
upper_ross,2026-05-22T00:00:00Z,Upstream,24.113932390268044,4.685313921555547,23.176903649607834,Platycephalus spp.,flathead,3,flathead,-19.31,146.74
upper_ross,2026-05-23T00:00:00Z,Upstream,23.82309138348403,5.140223276104231,26.519530057663808,Acanthopagrus spp.,bream,3,bream,-19.31,146.74
upper_ross,2026-05-23T00:00:00Z,Upstream,23.82309138348403,5.140223276104231,26.519530057663808,Lates calcarifer,barramundi,5,barramundi,-19.31,146.74
upper_ross,2026-05-23T00:00:00Z,Upstream,23.82309138348403,5.140223276104231,26.519530057663808,Lutjanus argentimaculatus,mangrove_jack,2,mangrove_jack,-19.31,146.74
upper_ross,2026-05-23T00:00:00Z,Upstream,23.82309138348403,5.140223276104231,26.519530057663808,Platycephalus spp.,flathead,5,flathead,-19.31,146.74
upper_ross,2026-05-24T00:00:00Z,Upstream,24.042478956510838,5.035187133881739,23.443724751019893,Acanthopagrus spp.,NA,0,NA,NA,NA
upper_ross,2026-05-24T00:00:00Z,Upstream,24.042478956510838,5.035187133881739,23.443724751019893,Lates calcarifer,barramundi,3,barramundi,-19.31,146.74
upper_ross,2026-05-24T00:00:00Z,Upstream,24.042478956510838,5.035187133881739,23.443724751019893,Lutjanus argentimaculatus,mangrove_jack,4,mangrove_jack,-19.31,146.74
upper_ross,2026-05-24T00:00:00Z,Upstream,24.042478956510838,5.035187133881739,23.443724751019893,Platycephalus spp.,flathead,2,flathead,-19.31,146.74
upper_ross,2026-05-25T00:00:00Z,Upstream,23.97838288443249,5.1145672032382485,24.326521817809684,Acanthopagrus spp.,bream,1,bream,-19.31,146.74
upper_ross,2026-05-25T00:00:00Z,Upstream,23.97838288443249,5.1145672032382485,24.326521817809684,Lates calcarifer,barramundi,6,barramundi,-19.31,146.74
upper_ross,2026-05-25T00:00:00Z,Upstream,23.97838288443249,5.1145672032382485,24.326521817809684,Lutjanus argentimaculatus,mangrove_jack,4,mangrove_jack,-19.31,146.74
upper_ross,2026-05-25T00:00:00Z,Upstream,23.97838288443249,5.1145672032382485,24.326521817809684,Platycephalus spp.,flathead,5,flathead,-19.31,146.74
upper_ross,2026-05-26T00:00:00Z,Upstream,24.079264798707662,4.793345263568167,25.069506198920212,Acanthopagrus spp.,bream,1,bream,-19.31,146.74
upper_ross,2026-05-26T00:00:00Z,Upstream,24.079264798707662,4.793345263568167,25.069506198920212,Lates calcarifer,barramundi,4,barramundi,-19.31,146.74
upper_ross,2026-05-26T00:00:00Z,Upstream,24.079264798707662,4.793345263568167,25.069506198920212,Lutjanus argentimaculatus,mangrove_jack,1,mangrove_jack,-19.31,146.74
upper_ross,2026-05-26T00:00:00Z,Upstream,24.079264798707662,4.793345263568167,25.069506198920212,Platycephalus spp.,NA,0,NA,NA,NA
upper_ross,2026-05-27T00:00:00Z,Upstream,23.899367567076766,4.993110521393873,25.808320575823576,Acanthopagrus spp.,bream,2,bream,-19.31,146.74
upper_ross,2026-05-27T00:00:00Z,Upstream,23.899367567076766,4.993110521393873,25.808320575823576,Lates calcarifer,barramundi,4,barramundi,-19.31,146.74
upper_ross,2026-05-27T00:00:00Z,Upstream,23.899367567076766,4.993110521393873,25.808320575823576,Lutjanus argentimaculatus,mangrove_jack,1,mangrove_jack,-19.31,146.74
upper_ross,2026-05-27T00:00:00Z,Upstream,23.899367567076766,4.993110521393873,25.808320575823576,Platycephalus spp.,NA,0,NA,NA,NA
upper_ross,2026-05-28T00:00:00Z,Upstream,23.740017476861027,5.089380696466349,25.87266799541087,Acanthopagrus spp.,NA,0,NA,NA,NA
upper_ross,2026-05-28T00:00:00Z,Upstream,23.740017476861027,5.089380696466349,25.87266799541087,Lates calcarifer,barramundi,3,barramundi,-19.31,146.74
upper_ross,2026-05-28T00:00:00Z,Upstream,23.740017476861027,5.089380696466349,25.87266799541087,Lutjanus argentimaculatus,mangrove_jack,1,mangrove_jack,-19.31,146.74
upper_ross,2026-05-28T00:00:00Z,Upstream,23.740017476861027,5.089380696466349,25.87266799541087,Platycephalus spp.,flathead,1,flathead,-19.31,146.74
upper_ross,2026-05-29T00:00:00Z,Upstream,24.186713158671793,5.313397769844918,23.43821674028778,Acanthopagrus spp.,bream,4,bream,-19.31,146.74
upper_ross,2026-05-29T00:00:00Z,Upstream,24.186713158671793,5.313397769844918,23.43821674028778,Lates calcarifer,barramundi,6,barramundi,-19.31,146.74
upper_ross,2026-05-29T00:00:00Z,Upstream,24.186713158671793,5.313397769844918,23.43821674028778,Lutjanus argentimaculatus,mangrove_jack,2,mangrove_jack,-19.31,146.74
upper_ross,2026-05-29T00:00:00Z,Upstream,24.186713158671793,5.313397769844918,23.43821674028778,Platycephalus spp.,flathead,1,flathead,-19.31,146.74
upper_ross,2026-05-30T00:00:00Z,Upstream,24.010381404577473,4.919844370261769,24.646402971170623,Acanthopagrus spp.,bream,2,bream,-19.31,146.74
upper_ross,2026-05-30T00:00:00Z,Upstream,24.010381404577473,4.919844370261769,24.646402971170623,Lates calcarifer,barramundi,6,barramundi,-19.31,146.74
upper_ross,2026-05-30T00:00:00Z,Upstream,24.010381404577473,4.919844370261769,24.646402971170623,Lutjanus argentimaculatus,mangrove_jack,1,mangrove_jack,-19.31,146.74
upper_ross,2026-05-30T00:00:00Z,Upstream,24.010381404577473,4.919844370261769,24.646402971170623,Platycephalus spp.,flathead,2,flathead,-19.31,146.74
