zone,scientific_name,mean_catch,sd_catch,sem_catch,mean_salinity,sd_salinity
Upstream,Acanthopagrus spp.,2.566666666666667,1.6543220995910688,0.30203651044177876,4.988139612881448,NA
Upstream,Lates calcarifer,4.8,1.689725543925138,0.3085002654668281,4.988139612881448,NA
Upstream,Lutjanus argentimaculatus,1.9,1.1551981469084385,0.21090936114997283,4.988139612881448,NA
Upstream,Platycephalus spp.,2.3,1.8222759547259615,0.3327005488008906,4.988139612881448,NA
Middle,Acanthopagrus spp.,2.2333333333333334,1.568731825465999,0.28640993582799495,14.912216174175564,NA
Middle,Lates calcarifer,2.2,1.3235271579877137,0.24164189330019153,14.912216174175564,NA
Middle,Lutjanus argentimaculatus,1.9666666666666666,1.1290317283753195,0.20613204859006934,14.912216174175564,NA
Middle,Platycephalus spp.,1.9666666666666666,1.4499306364701423,0.26471990547083984,14.912216174175564,NA
Downstream,Acanthopagrus spp.,2,1.5085960589122316,0.2754306972098739,27.966913655920795,NA
Downstream,Lates calcarifer,1.6,1.4044264997156126,0.2564120247507546,27.966913655920795,NA
Downstream,Lutjanus argentimaculatus,2,1.6400168207716022,0.2994247358081712,27.966913655920795,NA
Downstream,Platycephalus spp.,2.1,0.959525744924238,0.17518463166731776,27.966913655920795,NA
Marine,Acanthopagrus spp.,2.333333333333333,1.881549862495669,0.34352243425320717,34.02182759144852,NA
Marine,Lates calcarifer,1.5666666666666669,1.3565507307349294,0.24767114520787914,34.02182759144852,NA
Marine,Lutjanus argentimaculatus,1.5,1.137147065368355,0.20761369963434992,34.02182759144852,NA
Marine,Platycephalus spp.,5.666666666666667,1.2954385047312087,0.23651363030068195,34.02182759144852,NA
